"","Var1","Var2","value","tissue","time"
"2","CKqc2","CKqc1",0.242596418732782,"Foregut","CK"
"3","CKqc3","CKqc1",0.18603650137741,"Foregut","CK"
"4","CKqc4","CKqc1",0.393451561065197,"Foregut","CK"
"5","CKqc5","CKqc1",0.236082415059688,"Foregut","CK"
"6","CKqc6","CKqc1",0.245867768595041,"Foregut","CK"
"7","CKqc1","CKqc2",0.242596418732782,"Foregut","CK"
"9","CKqc3","CKqc2",0.191603535353535,"Foregut","CK"
"10","CKqc4","CKqc2",0.555785123966942,"Foregut","CK"
"11","CKqc5","CKqc2",0.228449265381084,"Foregut","CK"
"12","CKqc6","CKqc2",0.0721705693296602,"Foregut","CK"
"13","CKqc1","CKqc3",0.18603650137741,"Foregut","CK"
"14","CKqc2","CKqc3",0.191603535353535,"Foregut","CK"
"16","CKqc4","CKqc3",0.47012741046832,"Foregut","CK"
"17","CKqc5","CKqc3",0.220816115702479,"Foregut","CK"
"18","CKqc6","CKqc3",0.18681129476584,"Foregut","CK"
"19","CKqc1","CKqc4",0.393451561065197,"Foregut","CK"
"20","CKqc2","CKqc4",0.555785123966942,"Foregut","CK"
"21","CKqc3","CKqc4",0.47012741046832,"Foregut","CK"
"23","CKqc5","CKqc4",0.554493801652893,"Foregut","CK"
"24","CKqc6","CKqc4",0.554579889807163,"Foregut","CK"
"25","CKqc1","CKqc5",0.236082415059688,"Foregut","CK"
"26","CKqc2","CKqc5",0.228449265381084,"Foregut","CK"
"27","CKqc3","CKqc5",0.220816115702479,"Foregut","CK"
"28","CKqc4","CKqc5",0.554493801652893,"Foregut","CK"
"30","CKqc6","CKqc5",0.216942148760331,"Foregut","CK"
"31","CKqc1","CKqc6",0.245867768595041,"Foregut","CK"
"32","CKqc2","CKqc6",0.0721705693296602,"Foregut","CK"
"33","CKqc3","CKqc6",0.18681129476584,"Foregut","CK"
"34","CKqc4","CKqc6",0.554579889807163,"Foregut","CK"
"35","CKqc5","CKqc6",0.216942148760331,"Foregut","CK"
"22","0hqc2","0hqc1",0.44682621671258,"Foregut","0"
"36","0hqc3","0hqc1",0.0996326905417814,"Foregut","0"
"41","0hqc4","0hqc1",0.0687270431588613,"Foregut","0"
"51","0hqc5","0hqc1",0.103477961432507,"Foregut","0"
"61","0hqc7","0hqc1",0.0651974288337925,"Foregut","0"
"71","0hqc1","0hqc2",0.44682621671258,"Foregut","0"
"91","0hqc3","0hqc2",0.446223599632691,"Foregut","0"
"101","0hqc4","0hqc2",0.446338383838384,"Foregut","0"
"111","0hqc5","0hqc2",0.446022727272727,"Foregut","0"
"121","0hqc7","0hqc2",0.445793158861341,"Foregut","0"
"131","0hqc1","0hqc3",0.0996326905417814,"Foregut","0"
"141","0hqc2","0hqc3",0.446223599632691,"Foregut","0"
"161","0hqc4","0hqc3",0.151142102846648,"Foregut","0"
"171","0hqc5","0hqc3",0.191947887970615,"Foregut","0"
"181","0hqc7","0hqc3",0.0649104683195592,"Foregut","0"
"191","0hqc1","0hqc4",0.0687270431588613,"Foregut","0"
"201","0hqc2","0hqc4",0.446338383838384,"Foregut","0"
"211","0hqc3","0hqc4",0.151142102846648,"Foregut","0"
"231","0hqc5","0hqc4",0.0655704775022957,"Foregut","0"
"241","0hqc7","0hqc4",0.105744949494949,"Foregut","0"
"251","0hqc1","0hqc5",0.103477961432507,"Foregut","0"
"261","0hqc2","0hqc5",0.446022727272727,"Foregut","0"
"271","0hqc3","0hqc5",0.191947887970615,"Foregut","0"
"281","0hqc4","0hqc5",0.0655704775022957,"Foregut","0"
"301","0hqc7","0hqc5",0.148875114784206,"Foregut","0"
"311","0hqc1","0hqc7",0.0651974288337925,"Foregut","0"
"321","0hqc2","0hqc7",0.445793158861341,"Foregut","0"
"331","0hqc3","0hqc7",0.0649104683195592,"Foregut","0"
"341","0hqc4","0hqc7",0.105744949494949,"Foregut","0"
"351","0hqc5","0hqc7",0.148875114784206,"Foregut","0"
"29","3hqc2","3hqc1",0.807306014692378,"Foregut","3"
"37","3hqc3","3hqc1",0.812012167125803,"Foregut","3"
"42","3hqc4","3hqc1",0.809113865932048,"Foregut","3"
"52","3hqc5","3hqc1",0.809515610651974,"Foregut","3"
"62","3hqc6","3hqc1",0.810519972451791,"Foregut","3"
"72","3hqc1","3hqc2",0.807306014692378,"Foregut","3"
"92","3hqc3","3hqc2",0.0562442607897153,"Foregut","3"
"102","3hqc4","3hqc2",0.0377353076216713,"Foregut","3"
"112","3hqc5","3hqc2",0.0746958218549128,"Foregut","3"
"122","3hqc6","3hqc2",0.0928030303030303,"Foregut","3"
"132","3hqc1","3hqc3",0.812012167125803,"Foregut","3"
"142","3hqc2","3hqc3",0.0562442607897153,"Foregut","3"
"162","3hqc4","3hqc3",0.0299012855831038,"Foregut","3"
"172","3hqc5","3hqc3",0.0563590449954086,"Foregut","3"
"182","3hqc6","3hqc3",0.0751836547291093,"Foregut","3"
"192","3hqc1","3hqc4",0.809113865932048,"Foregut","3"
"202","3hqc2","3hqc4",0.0377353076216713,"Foregut","3"
"212","3hqc3","3hqc4",0.0299012855831038,"Foregut","3"
"232","3hqc5","3hqc4",0.0510215794306703,"Foregut","3"
"242","3hqc6","3hqc4",0.0703053259871442,"Foregut","3"
"252","3hqc1","3hqc5",0.809515610651974,"Foregut","3"
"262","3hqc2","3hqc5",0.0746958218549128,"Foregut","3"
"272","3hqc3","3hqc5",0.0563590449954086,"Foregut","3"
"282","3hqc4","3hqc5",0.0510215794306703,"Foregut","3"
"302","3hqc6","3hqc5",0.0286099632690542,"Foregut","3"
"312","3hqc1","3hqc6",0.810519972451791,"Foregut","3"
"322","3hqc2","3hqc6",0.0928030303030303,"Foregut","3"
"332","3hqc3","3hqc6",0.0751836547291093,"Foregut","3"
"342","3hqc4","3hqc6",0.0703053259871442,"Foregut","3"
"352","3hqc5","3hqc6",0.0286099632690542,"Foregut","3"
"210","6hqc2","6hqc1",0.171458907254362,"Foregut","6"
"38","6hqc3","6hqc1",0.204086317722681,"Foregut","6"
"43","6hqc4","6hqc1",0.0731749311294766,"Foregut","6"
"53","6hqc5","6hqc1",0.435692148760331,"Foregut","6"
"63","6hqc6","6hqc1",0.201618457300275,"Foregut","6"
"73","6hqc1","6hqc2",0.171458907254362,"Foregut","6"
"93","6hqc3","6hqc2",0.172692837465565,"Foregut","6"
"103","6hqc4","6hqc2",0.192780073461892,"Foregut","6"
"113","6hqc5","6hqc2",0.437987832874197,"Foregut","6"
"123","6hqc6","6hqc2",0.069674012855831,"Foregut","6"
"133","6hqc1","6hqc3",0.204086317722681,"Foregut","6"
"143","6hqc2","6hqc3",0.172692837465565,"Foregut","6"
"163","6hqc4","6hqc3",0.22029958677686,"Foregut","6"
"173","6hqc5","6hqc3",0.435347796143251,"Foregut","6"
"183","6hqc6","6hqc3",0.200958448117539,"Foregut","6"
"193","6hqc1","6hqc4",0.0731749311294766,"Foregut","6"
"203","6hqc2","6hqc4",0.192780073461892,"Foregut","6"
"213","6hqc3","6hqc4",0.22029958677686,"Foregut","6"
"233","6hqc5","6hqc4",0.437959136822773,"Foregut","6"
"243","6hqc6","6hqc4",0.225895316804408,"Foregut","6"
"253","6hqc1","6hqc5",0.435692148760331,"Foregut","6"
"263","6hqc2","6hqc5",0.437987832874197,"Foregut","6"
"273","6hqc3","6hqc5",0.435347796143251,"Foregut","6"
"283","6hqc4","6hqc5",0.437959136822773,"Foregut","6"
"303","6hqc6","6hqc5",0.435519972451791,"Foregut","6"
"313","6hqc1","6hqc6",0.201618457300275,"Foregut","6"
"323","6hqc2","6hqc6",0.069674012855831,"Foregut","6"
"333","6hqc3","6hqc6",0.200958448117539,"Foregut","6"
"343","6hqc4","6hqc6",0.225895316804408,"Foregut","6"
"353","6hqc5","6hqc6",0.435519972451791,"Foregut","6"
"214","9hqc2","9hqc1",0.102875344352617,"Foregut","9"
"39","9hqc3","9hqc1",0.438418273645546,"Foregut","9"
"44","9hqc4","9hqc1",0.0737775482093664,"Foregut","9"
"54","9hqc5","9hqc1",0.11541551882461,"Foregut","9"
"64","9hqc6","9hqc1",0.36403810835629,"Foregut","9"
"74","9hqc1","9hqc2",0.102875344352617,"Foregut","9"
"94","9hqc3","9hqc2",0.434027777777778,"Foregut","9"
"104","9hqc4","9hqc2",0.10376492194674,"Foregut","9"
"114","9hqc5","9hqc2",0.129189623507805,"Foregut","9"
"124","9hqc6","9hqc2",0.337149908172635,"Foregut","9"
"134","9hqc1","9hqc3",0.438418273645546,"Foregut","9"
"144","9hqc2","9hqc3",0.434027777777778,"Foregut","9"
"164","9hqc4","9hqc3",0.446194903581267,"Foregut","9"
"174","9hqc5","9hqc3",0.435577364554637,"Foregut","9"
"184","9hqc6","9hqc3",0.402892561983471,"Foregut","9"
"194","9hqc1","9hqc4",0.0737775482093664,"Foregut","9"
"204","9hqc2","9hqc4",0.10376492194674,"Foregut","9"
"215","9hqc3","9hqc4",0.446194903581267,"Foregut","9"
"234","9hqc5","9hqc4",0.143566345270891,"Foregut","9"
"244","9hqc6","9hqc4",0.33261593204775,"Foregut","9"
"254","9hqc1","9hqc5",0.11541551882461,"Foregut","9"
"264","9hqc2","9hqc5",0.129189623507805,"Foregut","9"
"274","9hqc3","9hqc5",0.435577364554637,"Foregut","9"
"284","9hqc4","9hqc5",0.143566345270891,"Foregut","9"
"304","9hqc6","9hqc5",0.360192837465565,"Foregut","9"
"314","9hqc1","9hqc6",0.36403810835629,"Foregut","9"
"324","9hqc2","9hqc6",0.337149908172635,"Foregut","9"
"334","9hqc3","9hqc6",0.402892561983471,"Foregut","9"
"344","9hqc4","9hqc6",0.33261593204775,"Foregut","9"
"354","9hqc5","9hqc6",0.360192837465565,"Foregut","9"
"216","12hqc2","12hqc1",0.0515955004591368,"Foregut","12"
"310","12hqc3","12hqc1",0.356634527089073,"Foregut","12"
"45","12hqc4","12hqc1",0.0960743801652893,"Foregut","12"
"55","12hqc5","12hqc1",0.381427915518825,"Foregut","12"
"65","12hqc6","12hqc1",0.276256887052342,"Foregut","12"
"75","12hqc1","12hqc2",0.0515955004591368,"Foregut","12"
"95","12hqc3","12hqc2",0.337379476584022,"Foregut","12"
"105","12hqc4","12hqc2",0.069932277318641,"Foregut","12"
"115","12hqc5","12hqc2",0.372302571166208,"Foregut","12"
"125","12hqc6","12hqc2",0.271464646464646,"Foregut","12"
"135","12hqc1","12hqc3",0.356634527089073,"Foregut","12"
"145","12hqc2","12hqc3",0.337379476584022,"Foregut","12"
"165","12hqc4","12hqc3",0.34521349862259,"Foregut","12"
"175","12hqc5","12hqc3",0.336174242424242,"Foregut","12"
"185","12hqc6","12hqc3",0.295569329660239,"Foregut","12"
"195","12hqc1","12hqc4",0.0960743801652893,"Foregut","12"
"205","12hqc2","12hqc4",0.069932277318641,"Foregut","12"
"217","12hqc3","12hqc4",0.34521349862259,"Foregut","12"
"235","12hqc5","12hqc4",0.372761707988981,"Foregut","12"
"245","12hqc6","12hqc4",0.232610192837466,"Foregut","12"
"255","12hqc1","12hqc5",0.381427915518825,"Foregut","12"
"265","12hqc2","12hqc5",0.372302571166208,"Foregut","12"
"275","12hqc3","12hqc5",0.336174242424242,"Foregut","12"
"285","12hqc4","12hqc5",0.372761707988981,"Foregut","12"
"305","12hqc6","12hqc5",0.392188934802571,"Foregut","12"
"315","12hqc1","12hqc6",0.276256887052342,"Foregut","12"
"325","12hqc2","12hqc6",0.271464646464646,"Foregut","12"
"335","12hqc3","12hqc6",0.295569329660239,"Foregut","12"
"345","12hqc4","12hqc6",0.232610192837466,"Foregut","12"
"355","12hqc5","12hqc6",0.392188934802571,"Foregut","12"
"218","24hqc2","24hqc1",0.111168503213958,"Foregut","24"
"316","24hqc3","24hqc1",0.764491505968779,"Foregut","24"
"46","24hqc4","24hqc1",0.0999196510560147,"Foregut","24"
"56","24hqc5","24hqc1",0.107782369146006,"Foregut","24"
"66","24hqc6","24hqc1",0.140323691460055,"Foregut","24"
"76","24hqc1","24hqc2",0.111168503213958,"Foregut","24"
"96","24hqc3","24hqc2",0.734418044077135,"Foregut","24"
"106","24hqc4","24hqc2",0.110393709825528,"Foregut","24"
"116","24hqc5","24hqc2",0.143939393939394,"Foregut","24"
"126","24hqc6","24hqc2",0.0859446740128558,"Foregut","24"
"136","24hqc1","24hqc3",0.764491505968779,"Foregut","24"
"146","24hqc2","24hqc3",0.734418044077135,"Foregut","24"
"166","24hqc4","24hqc3",0.688906106519743,"Foregut","24"
"176","24hqc5","24hqc3",0.765065426997245,"Foregut","24"
"186","24hqc6","24hqc3",0.731634527089073,"Foregut","24"
"196","24hqc1","24hqc4",0.0999196510560147,"Foregut","24"
"206","24hqc2","24hqc4",0.110393709825528,"Foregut","24"
"219","24hqc3","24hqc4",0.688906106519743,"Foregut","24"
"236","24hqc5","24hqc4",0.120179063360882,"Foregut","24"
"246","24hqc6","24hqc4",0.129218319559229,"Foregut","24"
"256","24hqc1","24hqc5",0.107782369146006,"Foregut","24"
"266","24hqc2","24hqc5",0.143939393939394,"Foregut","24"
"276","24hqc3","24hqc5",0.765065426997245,"Foregut","24"
"286","24hqc4","24hqc5",0.120179063360882,"Foregut","24"
"306","24hqc6","24hqc5",0.153724747474747,"Foregut","24"
"317","24hqc1","24hqc6",0.140323691460055,"Foregut","24"
"326","24hqc2","24hqc6",0.0859446740128558,"Foregut","24"
"336","24hqc3","24hqc6",0.731634527089073,"Foregut","24"
"346","24hqc4","24hqc6",0.129218319559229,"Foregut","24"
"356","24hqc5","24hqc6",0.153724747474747,"Foregut","24"
"220","48hqc2","48hqc1",0.393049816345271,"Foregut","48"
"318","48hqc3","48hqc1",0.222997015610652,"Foregut","48"
"47","48hqc4","48hqc1",0.235852846648301,"Foregut","48"
"57","48hqc5","48hqc1",0.236168503213958,"Foregut","48"
"67","48hqc6","48hqc1",0.226067493112948,"Foregut","48"
"77","48hqc1","48hqc2",0.393049816345271,"Foregut","48"
"97","48hqc3","48hqc2",0.304005968778696,"Foregut","48"
"107","48hqc4","48hqc2",0.368227731864096,"Foregut","48"
"117","48hqc5","48hqc2",0.368859044995409,"Foregut","48"
"127","48hqc6","48hqc2",0.36360766758494,"Foregut","48"
"137","48hqc1","48hqc3",0.222997015610652,"Foregut","48"
"147","48hqc2","48hqc3",0.304005968778696,"Foregut","48"
"167","48hqc4","48hqc3",0.135818411386593,"Foregut","48"
"177","48hqc5","48hqc3",0.275969926538108,"Foregut","48"
"187","48hqc6","48hqc3",0.128213957759412,"Foregut","48"
"197","48hqc1","48hqc4",0.235852846648301,"Foregut","48"
"207","48hqc2","48hqc4",0.368227731864096,"Foregut","48"
"2110","48hqc3","48hqc4",0.135818411386593,"Foregut","48"
"237","48hqc5","48hqc4",0.306617309458219,"Foregut","48"
"247","48hqc6","48hqc4",0.110881542699725,"Foregut","48"
"257","48hqc1","48hqc5",0.236168503213958,"Foregut","48"
"267","48hqc2","48hqc5",0.368859044995409,"Foregut","48"
"277","48hqc3","48hqc5",0.275969926538108,"Foregut","48"
"287","48hqc4","48hqc5",0.306617309458219,"Foregut","48"
"307","48hqc6","48hqc5",0.298065886134068,"Foregut","48"
"319","48hqc1","48hqc6",0.226067493112948,"Foregut","48"
"327","48hqc2","48hqc6",0.36360766758494,"Foregut","48"
"337","48hqc3","48hqc6",0.128213957759412,"Foregut","48"
"347","48hqc4","48hqc6",0.110881542699725,"Foregut","48"
"357","48hqc5","48hqc6",0.298065886134068,"Foregut","48"
"221","72hqc2","72hqc1",0.0217229109274564,"Foregut","72"
"320","72hqc3","72hqc1",0.488234618916437,"Foregut","72"
"48","72hqc4","72hqc1",0.137798438934803,"Foregut","72"
"58","72hqc5","72hqc1",0.0987144168962351,"Foregut","72"
"68","72hqc6","72hqc1",0.319903581267218,"Foregut","72"
"78","72hqc1","72hqc2",0.0217229109274564,"Foregut","72"
"98","72hqc3","72hqc2",0.489525941230487,"Foregut","72"
"108","72hqc4","72hqc2",0.140438475665748,"Foregut","72"
"118","72hqc5","72hqc2",0.104855371900826,"Foregut","72"
"128","72hqc6","72hqc2",0.319329660238751,"Foregut","72"
"138","72hqc1","72hqc3",0.488234618916437,"Foregut","72"
"148","72hqc2","72hqc3",0.489525941230487,"Foregut","72"
"168","72hqc4","72hqc3",0.491563360881543,"Foregut","72"
"178","72hqc5","72hqc3",0.423955463728191,"Foregut","72"
"188","72hqc6","72hqc3",0.479826675849403,"Foregut","72"
"198","72hqc1","72hqc4",0.137798438934803,"Foregut","72"
"208","72hqc2","72hqc4",0.140438475665748,"Foregut","72"
"2111","72hqc3","72hqc4",0.491563360881543,"Foregut","72"
"238","72hqc5","72hqc4",0.160152662993572,"Foregut","72"
"248","72hqc6","72hqc4",0.319702708907254,"Foregut","72"
"258","72hqc1","72hqc5",0.0987144168962351,"Foregut","72"
"268","72hqc2","72hqc5",0.104855371900826,"Foregut","72"
"278","72hqc3","72hqc5",0.423955463728191,"Foregut","72"
"288","72hqc4","72hqc5",0.160152662993572,"Foregut","72"
"308","72hqc6","72hqc5",0.30119375573921,"Foregut","72"
"3110","72hqc1","72hqc6",0.319903581267218,"Foregut","72"
"328","72hqc2","72hqc6",0.319329660238751,"Foregut","72"
"338","72hqc3","72hqc6",0.479826675849403,"Foregut","72"
"348","72hqc4","72hqc6",0.319702708907254,"Foregut","72"
"358","72hqc5","72hqc6",0.30119375573921,"Foregut","72"
"222","CKmc2","CKmc1",0.294995408631772,"Midgut","CK"
"329","CKmc3","CKmc1",0.302370293847567,"Midgut","CK"
"49","CKmc4","CKmc1",0.132719237832874,"Midgut","CK"
"59","CKmc5","CKmc1",0.227530991735537,"Midgut","CK"
"69","CKmc6","CKmc1",0.53193870523416,"Midgut","CK"
"79","CKmc1","CKmc2",0.294995408631772,"Midgut","CK"
"99","CKmc3","CKmc2",0.233384986225895,"Midgut","CK"
"109","CKmc4","CKmc2",0.268279384756657,"Midgut","CK"
"119","CKmc5","CKmc2",0.220816115702479,"Midgut","CK"
"129","CKmc6","CKmc2",0.798984159779614,"Midgut","CK"
"139","CKmc1","CKmc3",0.302370293847567,"Midgut","CK"
"149","CKmc2","CKmc3",0.233384986225895,"Midgut","CK"
"169","CKmc4","CKmc3",0.282311753902663,"Midgut","CK"
"179","CKmc5","CKmc3",0.219897842056933,"Midgut","CK"
"189","CKmc6","CKmc3",0.799443296602388,"Midgut","CK"
"199","CKmc1","CKmc4",0.132719237832874,"Midgut","CK"
"209","CKmc2","CKmc4",0.268279384756657,"Midgut","CK"
"2112","CKmc3","CKmc4",0.282311753902663,"Midgut","CK"
"239","CKmc5","CKmc4",0.226354453627181,"Midgut","CK"
"249","CKmc6","CKmc4",0.621068640955005,"Midgut","CK"
"259","CKmc1","CKmc5",0.227530991735537,"Midgut","CK"
"269","CKmc2","CKmc5",0.220816115702479,"Midgut","CK"
"279","CKmc3","CKmc5",0.219897842056933,"Midgut","CK"
"289","CKmc4","CKmc5",0.226354453627181,"Midgut","CK"
"309","CKmc6","CKmc5",0.725665748393021,"Midgut","CK"
"3111","CKmc1","CKmc6",0.53193870523416,"Midgut","CK"
"3210","CKmc2","CKmc6",0.798984159779614,"Midgut","CK"
"339","CKmc3","CKmc6",0.799443296602388,"Midgut","CK"
"349","CKmc4","CKmc6",0.621068640955005,"Midgut","CK"
"359","CKmc5","CKmc6",0.725665748393021,"Midgut","CK"
"223","0hmc2","0hmc1",0.0113923324150597,"Midgut","0"
"330","0hmc3","0hmc1",0.0966196051423324,"Midgut","0"
"410","0hmc4","0hmc1",0.226555325987144,"Midgut","0"
"510","0hmc5","0hmc1",0.0463441230486685,"Midgut","0"
"610","0hmc7","0hmc1",0.0856577134986226,"Midgut","0"
"710","0hmc1","0hmc2",0.0113923324150597,"Midgut","0"
"910","0hmc3","0hmc2",0.0933482552800735,"Midgut","0"
"1010","0hmc4","0hmc2",0.224144857667585,"Midgut","0"
"1110","0hmc5","0hmc2",0.0503902662993572,"Midgut","0"
"1210","0hmc7","0hmc2",0.0831898530762167,"Midgut","0"
"1310","0hmc1","0hmc3",0.0966196051423324,"Midgut","0"
"1410","0hmc2","0hmc3",0.0933482552800735,"Midgut","0"
"1610","0hmc4","0hmc3",0.167240587695133,"Midgut","0"
"1710","0hmc5","0hmc3",0.0843376951331497,"Midgut","0"
"1810","0hmc7","0hmc3",0.0540059687786961,"Midgut","0"
"1910","0hmc1","0hmc4",0.226555325987144,"Midgut","0"
"2010","0hmc2","0hmc4",0.224144857667585,"Midgut","0"
"2113","0hmc3","0hmc4",0.167240587695133,"Midgut","0"
"2310","0hmc5","0hmc4",0.220557851239669,"Midgut","0"
"2410","0hmc7","0hmc4",0.194473140495868,"Midgut","0"
"2510","0hmc1","0hmc5",0.0463441230486685,"Midgut","0"
"2610","0hmc2","0hmc5",0.0503902662993572,"Midgut","0"
"2710","0hmc3","0hmc5",0.0843376951331497,"Midgut","0"
"2810","0hmc4","0hmc5",0.220557851239669,"Midgut","0"
"3010","0hmc7","0hmc5",0.0698174931129477,"Midgut","0"
"3112","0hmc1","0hmc7",0.0856577134986226,"Midgut","0"
"3211","0hmc2","0hmc7",0.0831898530762167,"Midgut","0"
"3310","0hmc3","0hmc7",0.0540059687786961,"Midgut","0"
"3410","0hmc4","0hmc7",0.194473140495868,"Midgut","0"
"3510","0hmc5","0hmc7",0.0698174931129477,"Midgut","0"
"224","3hmc2","3hmc1",0.0899047291092746,"Midgut","3"
"340","3hmc3","3hmc1",0.100522268135904,"Midgut","3"
"411","3hmc4","3hmc1",0.112947658402204,"Midgut","3"
"511","3hmc5","3hmc1",0.0898760330578512,"Midgut","3"
"611","3hmc6","3hmc1",0.206869834710744,"Midgut","3"
"711","3hmc1","3hmc2",0.0899047291092746,"Midgut","3"
"911","3hmc3","3hmc2",0.0866333792470156,"Midgut","3"
"1011","3hmc4","3hmc2",0.0922004132231405,"Midgut","3"
"1111","3hmc5","3hmc2",0.0433597337006428,"Midgut","3"
"1211","3hmc6","3hmc2",0.192521808999082,"Midgut","3"
"1311","3hmc1","3hmc3",0.100522268135904,"Midgut","3"
"1411","3hmc2","3hmc3",0.0866333792470156,"Midgut","3"
"1611","3hmc4","3hmc3",0.0588269054178145,"Midgut","3"
"1711","3hmc5","3hmc3",0.0668617998163453,"Midgut","3"
"1811","3hmc6","3hmc3",0.119949494949495,"Midgut","3"
"1911","3hmc1","3hmc4",0.112947658402204,"Midgut","3"
"2011","3hmc2","3hmc4",0.0922004132231405,"Midgut","3"
"2114","3hmc3","3hmc4",0.0588269054178145,"Midgut","3"
"2311","3hmc5","3hmc4",0.0777662993572085,"Midgut","3"
"2411","3hmc6","3hmc4",0.152548209366391,"Midgut","3"
"2511","3hmc1","3hmc5",0.0898760330578512,"Midgut","3"
"2611","3hmc2","3hmc5",0.0433597337006428,"Midgut","3"
"2711","3hmc3","3hmc5",0.0668617998163453,"Midgut","3"
"2811","3hmc4","3hmc5",0.0777662993572085,"Midgut","3"
"3011","3hmc6","3hmc5",0.166322314049587,"Midgut","3"
"3113","3hmc1","3hmc6",0.206869834710744,"Midgut","3"
"3212","3hmc2","3hmc6",0.192521808999082,"Midgut","3"
"3311","3hmc3","3hmc6",0.119949494949495,"Midgut","3"
"3411","3hmc4","3hmc6",0.152548209366391,"Midgut","3"
"3511","3hmc5","3hmc6",0.166322314049587,"Midgut","3"
"225","6hmc2","6hmc1",0.189766988062443,"Midgut","6"
"350","6hmc3","6hmc1",0.192234848484848,"Midgut","6"
"412","6hmc4","6hmc1",0.187442607897153,"Midgut","6"
"512","6hmc5","6hmc1",0.196424471992654,"Midgut","6"
"612","6hmc6","6hmc1",0.194415748393021,"Midgut","6"
"712","6hmc1","6hmc2",0.189766988062443,"Midgut","6"
"912","6hmc3","6hmc2",0.13639233241506,"Midgut","6"
"1012","6hmc4","6hmc2",0.145259412304867,"Midgut","6"
"1112","6hmc5","6hmc2",0.167757116620753,"Midgut","6"
"1212","6hmc6","6hmc2",0.103477961432507,"Midgut","6"
"1312","6hmc1","6hmc3",0.192234848484848,"Midgut","6"
"1412","6hmc2","6hmc3",0.13639233241506,"Midgut","6"
"1612","6hmc4","6hmc3",0.0385387970615243,"Midgut","6"
"1712","6hmc5","6hmc3",0.159607438016529,"Midgut","6"
"1812","6hmc6","6hmc3",0.0435032139577594,"Midgut","6"
"1912","6hmc1","6hmc4",0.187442607897153,"Midgut","6"
"2012","6hmc2","6hmc4",0.145259412304867,"Midgut","6"
"2115","6hmc3","6hmc4",0.0385387970615243,"Midgut","6"
"2312","6hmc5","6hmc4",0.15736914600551,"Midgut","6"
"2412","6hmc6","6hmc4",0.0507633149678604,"Midgut","6"
"2512","6hmc1","6hmc5",0.196424471992654,"Midgut","6"
"2612","6hmc2","6hmc5",0.167757116620753,"Midgut","6"
"2712","6hmc3","6hmc5",0.159607438016529,"Midgut","6"
"2812","6hmc4","6hmc5",0.15736914600551,"Midgut","6"
"3012","6hmc6","6hmc5",0.158459595959596,"Midgut","6"
"3114","6hmc1","6hmc6",0.194415748393021,"Midgut","6"
"3213","6hmc2","6hmc6",0.103477961432507,"Midgut","6"
"3312","6hmc3","6hmc6",0.0435032139577594,"Midgut","6"
"3412","6hmc4","6hmc6",0.0507633149678604,"Midgut","6"
"3512","6hmc5","6hmc6",0.158459595959596,"Midgut","6"
"226","9hmc2","9hmc1",0.0736053719008264,"Midgut","9"
"360","9hmc3","9hmc1",0.97928145087236,"Midgut","9"
"413","9hmc4","9hmc1",0.1134354912764,"Midgut","9"
"513","9hmc5","9hmc1",0.112144168962351,"Midgut","9"
"613","9hmc6","9hmc1",0.0817550505050505,"Midgut","9"
"713","9hmc1","9hmc2",0.0736053719008264,"Midgut","9"
"913","9hmc3","9hmc2",0.974890955004591,"Midgut","9"
"1013","9hmc4","9hmc2",0.07303145087236,"Midgut","9"
"1113","9hmc5","9hmc2",0.133494031221304,"Midgut","9"
"1213","9hmc6","9hmc2",0.0246212121212121,"Midgut","9"
"1313","9hmc1","9hmc3",0.97928145087236,"Midgut","9"
"1413","9hmc2","9hmc3",0.974890955004591,"Midgut","9"
"1613","9hmc4","9hmc3",0.97936753902663,"Midgut","9"
"1713","9hmc5","9hmc3",0.976124885215794,"Midgut","9"
"1813","9hmc6","9hmc3",0.976899678604224,"Midgut","9"
"1913","9hmc1","9hmc4",0.1134354912764,"Midgut","9"
"2013","9hmc2","9hmc4",0.07303145087236,"Midgut","9"
"2116","9hmc3","9hmc4",0.97936753902663,"Midgut","9"
"2313","9hmc5","9hmc4",0.195305325987144,"Midgut","9"
"2413","9hmc6","9hmc4",0.0730601469237833,"Midgut","9"
"2513","9hmc1","9hmc5",0.112144168962351,"Midgut","9"
"2613","9hmc2","9hmc5",0.133494031221304,"Midgut","9"
"2713","9hmc3","9hmc5",0.976124885215794,"Midgut","9"
"2813","9hmc4","9hmc5",0.195305325987144,"Midgut","9"
"3013","9hmc6","9hmc5",0.147325528007346,"Midgut","9"
"3115","9hmc1","9hmc6",0.0817550505050505,"Midgut","9"
"3214","9hmc2","9hmc6",0.0246212121212121,"Midgut","9"
"3313","9hmc3","9hmc6",0.976899678604224,"Midgut","9"
"3413","9hmc4","9hmc6",0.0730601469237833,"Midgut","9"
"3513","9hmc5","9hmc6",0.147325528007346,"Midgut","9"
"227","12hmc2","12hmc1",0.0695592286501377,"Midgut","12"
"361","12hmc3","12hmc1",0.232495408631772,"Midgut","12"
"414","12hmc4","12hmc1",0.0845959595959596,"Midgut","12"
"514","12hmc5","12hmc1",0.0537764003673095,"Midgut","12"
"614","12hmc6","12hmc1",0.118830348943985,"Midgut","12"
"714","12hmc1","12hmc2",0.0695592286501377,"Midgut","12"
"914","12hmc3","12hmc2",0.255136593204775,"Midgut","12"
"1014","12hmc4","12hmc2",0.0533746556473829,"Midgut","12"
"1114","12hmc5","12hmc2",0.0826446280991736,"Midgut","12"
"1214","12hmc6","12hmc2",0.0950126262626263,"Midgut","12"
"1314","12hmc1","12hmc3",0.232495408631772,"Midgut","12"
"1414","12hmc2","12hmc3",0.255136593204775,"Midgut","12"
"1614","12hmc4","12hmc3",0.272784664830119,"Midgut","12"
"1714","12hmc5","12hmc3",0.18896349862259,"Midgut","12"
"1814","12hmc6","12hmc3",0.309113865932048,"Midgut","12"
"1914","12hmc1","12hmc4",0.0845959595959596,"Midgut","12"
"2014","12hmc2","12hmc4",0.0533746556473829,"Midgut","12"
"2117","12hmc3","12hmc4",0.272784664830119,"Midgut","12"
"2314","12hmc5","12hmc4",0.0943813131313131,"Midgut","12"
"2414","12hmc6","12hmc4",0.0821854912764004,"Midgut","12"
"2514","12hmc1","12hmc5",0.0537764003673095,"Midgut","12"
"2614","12hmc2","12hmc5",0.0826446280991736,"Midgut","12"
"2714","12hmc3","12hmc5",0.18896349862259,"Midgut","12"
"2814","12hmc4","12hmc5",0.0943813131313131,"Midgut","12"
"3014","12hmc6","12hmc5",0.131255739210285,"Midgut","12"
"3116","12hmc1","12hmc6",0.118830348943985,"Midgut","12"
"3215","12hmc2","12hmc6",0.0950126262626263,"Midgut","12"
"3314","12hmc3","12hmc6",0.309113865932048,"Midgut","12"
"3414","12hmc4","12hmc6",0.0821854912764004,"Midgut","12"
"3514","12hmc5","12hmc6",0.131255739210285,"Midgut","12"
"228","24hmc2","24hmc1",0.51053145087236,"Midgut","24"
"362","24hmc3","24hmc1",0.658516988062443,"Midgut","24"
"415","24hmc4","24hmc1",0.149190771349862,"Midgut","24"
"515","24hmc5","24hmc1",0.169651056014692,"Midgut","24"
"615","24hmc6","24hmc1",0.897583792470156,"Midgut","24"
"715","24hmc1","24hmc2",0.51053145087236,"Midgut","24"
"915","24hmc3","24hmc2",0.674041551882461,"Midgut","24"
"1015","24hmc4","24hmc2",0.513688016528926,"Midgut","24"
"1115","24hmc5","24hmc2",0.522382920110193,"Midgut","24"
"1215","24hmc6","24hmc2",0.941029614325069,"Midgut","24"
"1315","24hmc1","24hmc3",0.658516988062443,"Midgut","24"
"1415","24hmc2","24hmc3",0.674041551882461,"Midgut","24"
"1615","24hmc4","24hmc3",0.616649449035813,"Midgut","24"
"1715","24hmc5","24hmc3",0.678489439853076,"Midgut","24"
"1815","24hmc6","24hmc3",0.689652203856749,"Midgut","24"
"1915","24hmc1","24hmc4",0.149190771349862,"Midgut","24"
"2015","24hmc2","24hmc4",0.513688016528926,"Midgut","24"
"2118","24hmc3","24hmc4",0.616649449035813,"Midgut","24"
"2315","24hmc5","24hmc4",0.0836489898989899,"Midgut","24"
"2415","24hmc6","24hmc4",0.837494260789715,"Midgut","24"
"2515","24hmc1","24hmc5",0.169651056014692,"Midgut","24"
"2615","24hmc2","24hmc5",0.522382920110193,"Midgut","24"
"2715","24hmc3","24hmc5",0.678489439853076,"Midgut","24"
"2815","24hmc4","24hmc5",0.0836489898989899,"Midgut","24"
"3015","24hmc6","24hmc5",0.876406106519743,"Midgut","24"
"3117","24hmc1","24hmc6",0.897583792470156,"Midgut","24"
"3216","24hmc2","24hmc6",0.941029614325069,"Midgut","24"
"3315","24hmc3","24hmc6",0.689652203856749,"Midgut","24"
"3415","24hmc4","24hmc6",0.837494260789715,"Midgut","24"
"3515","24hmc5","24hmc6",0.876406106519743,"Midgut","24"
"229","48hmc2","48hmc1",0.190627869605142,"Midgut","48"
"363","48hmc3","48hmc1",0.053116391184573,"Midgut","48"
"416","48hmc4","48hmc1",0.112287649219467,"Midgut","48"
"516","48hmc5","48hmc1",0.67860422405877,"Midgut","48"
"616","48hmc6","48hmc1",0.148588154269972,"Midgut","48"
"716","48hmc1","48hmc2",0.190627869605142,"Midgut","48"
"916","48hmc3","48hmc2",0.194071395775941,"Midgut","48"
"1016","48hmc4","48hmc2",0.15779958677686,"Midgut","48"
"1116","48hmc5","48hmc2",0.684630394857668,"Midgut","48"
"1216","48hmc6","48hmc2",0.159837006427916,"Midgut","48"
"1316","48hmc1","48hmc3",0.053116391184573,"Midgut","48"
"1416","48hmc2","48hmc3",0.194071395775941,"Midgut","48"
"1616","48hmc4","48hmc3",0.140668044077135,"Midgut","48"
"1716","48hmc5","48hmc3",0.676566804407714,"Midgut","48"
"1816","48hmc6","48hmc3",0.159923094582185,"Midgut","48"
"1916","48hmc1","48hmc4",0.112287649219467,"Midgut","48"
"2016","48hmc2","48hmc4",0.15779958677686,"Midgut","48"
"2119","48hmc3","48hmc4",0.140668044077135,"Midgut","48"
"2316","48hmc5","48hmc4",0.685146923783287,"Midgut","48"
"2416","48hmc6","48hmc4",0.125889577594123,"Midgut","48"
"2516","48hmc1","48hmc5",0.67860422405877,"Midgut","48"
"2616","48hmc2","48hmc5",0.684630394857668,"Midgut","48"
"2716","48hmc3","48hmc5",0.676566804407714,"Midgut","48"
"2816","48hmc4","48hmc5",0.685146923783287,"Midgut","48"
"3016","48hmc6","48hmc5",0.684745179063361,"Midgut","48"
"3118","48hmc1","48hmc6",0.148588154269972,"Midgut","48"
"3217","48hmc2","48hmc6",0.159837006427916,"Midgut","48"
"3316","48hmc3","48hmc6",0.159923094582185,"Midgut","48"
"3416","48hmc4","48hmc6",0.125889577594123,"Midgut","48"
"3516","48hmc5","48hmc6",0.684745179063361,"Midgut","48"
"230","72hmc2","72hmc1",0.161099632690542,"Midgut","72"
"364","72hmc3","72hmc1",0.35514233241506,"Midgut","72"
"417","72hmc4","72hmc1",0.133924471992654,"Midgut","72"
"517","72hmc5","72hmc1",0.124426078971534,"Midgut","72"
"617","72hmc6","72hmc1",0.610221533516988,"Midgut","72"
"717","72hmc1","72hmc2",0.161099632690542,"Midgut","72"
"917","72hmc3","72hmc2",0.356031910009183,"Midgut","72"
"1017","72hmc4","72hmc2",0.261363636363636,"Midgut","72"
"1117","72hmc5","72hmc2",0.228391873278237,"Midgut","72"
"1217","72hmc6","72hmc2",0.609245867768595,"Midgut","72"
"1317","72hmc1","72hmc3",0.35514233241506,"Midgut","72"
"1417","72hmc2","72hmc3",0.356031910009183,"Midgut","72"
"1617","72hmc4","72hmc3",0.422807621671258,"Midgut","72"
"1717","72hmc5","72hmc3",0.42722681359045,"Midgut","72"
"1817","72hmc6","72hmc3",0.60488406795225,"Midgut","72"
"1917","72hmc1","72hmc4",0.133924471992654,"Midgut","72"
"2017","72hmc2","72hmc4",0.261363636363636,"Midgut","72"
"2120","72hmc3","72hmc4",0.422807621671258,"Midgut","72"
"2317","72hmc5","72hmc4",0.102444903581267,"Midgut","72"
"2417","72hmc6","72hmc4",0.593376951331497,"Midgut","72"
"2517","72hmc1","72hmc5",0.124426078971534,"Midgut","72"
"2617","72hmc2","72hmc5",0.228391873278237,"Midgut","72"
"2717","72hmc3","72hmc5",0.42722681359045,"Midgut","72"
"2817","72hmc4","72hmc5",0.102444903581267,"Midgut","72"
"3017","72hmc6","72hmc5",0.5946108815427,"Midgut","72"
"3119","72hmc1","72hmc6",0.610221533516988,"Midgut","72"
"3218","72hmc2","72hmc6",0.609245867768595,"Midgut","72"
"3317","72hmc3","72hmc6",0.60488406795225,"Midgut","72"
"3417","72hmc4","72hmc6",0.593376951331497,"Midgut","72"
"3517","72hmc5","72hmc6",0.5946108815427,"Midgut","72"
"240","CKhc2","CKhc1",0.10385101010101,"Hindgut","CK"
"365","CKhc3","CKhc1",0.188418273645546,"Hindgut","CK"
"418","CKhc4","CKhc1",0.155245638200184,"Hindgut","CK"
"518","CKhc5","CKhc1",0.119432966023875,"Hindgut","CK"
"618","CKhc6","CKhc1",0.430785123966942,"Hindgut","CK"
"718","CKhc1","CKhc2",0.10385101010101,"Hindgut","CK"
"918","CKhc3","CKhc2",0.134727961432507,"Hindgut","CK"
"1018","CKhc4","CKhc2",0.247130394857668,"Hindgut","CK"
"1118","CKhc5","CKhc2",0.174299816345271,"Hindgut","CK"
"1218","CKhc6","CKhc2",0.524592516069789,"Hindgut","CK"
"1318","CKhc1","CKhc3",0.188418273645546,"Hindgut","CK"
"1418","CKhc2","CKhc3",0.134727961432507,"Hindgut","CK"
"1618","CKhc4","CKhc3",0.263544536271809,"Hindgut","CK"
"1718","CKhc5","CKhc3",0.192378328741965,"Hindgut","CK"
"1818","CKhc6","CKhc3",0.498077364554637,"Hindgut","CK"
"1918","CKhc1","CKhc4",0.155245638200184,"Hindgut","CK"
"2018","CKhc2","CKhc4",0.247130394857668,"Hindgut","CK"
"2121","CKhc3","CKhc4",0.263544536271809,"Hindgut","CK"
"2318","CKhc5","CKhc4",0.123737373737374,"Hindgut","CK"
"2418","CKhc6","CKhc4",0.295454545454545,"Hindgut","CK"
"2518","CKhc1","CKhc5",0.119432966023875,"Hindgut","CK"
"2618","CKhc2","CKhc5",0.174299816345271,"Hindgut","CK"
"2718","CKhc3","CKhc5",0.192378328741965,"Hindgut","CK"
"2818","CKhc4","CKhc5",0.123737373737374,"Hindgut","CK"
"3018","CKhc6","CKhc5",0.367768595041322,"Hindgut","CK"
"3120","CKhc1","CKhc6",0.430785123966942,"Hindgut","CK"
"3219","CKhc2","CKhc6",0.524592516069789,"Hindgut","CK"
"3318","CKhc3","CKhc6",0.498077364554637,"Hindgut","CK"
"3418","CKhc4","CKhc6",0.295454545454545,"Hindgut","CK"
"3518","CKhc5","CKhc6",0.367768595041322,"Hindgut","CK"
"250","0hhc2","0hhc1",0.148674242424242,"Hindgut","0"
"366","0hhc3","0hhc1",0.180354683195592,"Hindgut","0"
"419","0hhc4","0hhc1",0.15633608815427,"Hindgut","0"
"519","0hhc5","0hhc1",0.164485766758494,"Hindgut","0"
"619","0hhc7","0hhc1",0.161013544536272,"Hindgut","0"
"719","0hhc1","0hhc2",0.148674242424242,"Hindgut","0"
"919","0hhc3","0hhc2",0.130280073461892,"Hindgut","0"
"1019","0hhc4","0hhc2",0.0938073921028467,"Hindgut","0"
"1119","0hhc5","0hhc2",0.0873220844811754,"Hindgut","0"
"1219","0hhc7","0hhc2",0.0715105601469238,"Hindgut","0"
"1319","0hhc1","0hhc3",0.180354683195592,"Hindgut","0"
"1419","0hhc2","0hhc3",0.130280073461892,"Hindgut","0"
"1619","0hhc4","0hhc3",0.151543847566575,"Hindgut","0"
"1719","0hhc5","0hhc3",0.0769915059687787,"Hindgut","0"
"1819","0hhc7","0hhc3",0.116649449035813,"Hindgut","0"
"1919","0hhc1","0hhc4",0.15633608815427,"Hindgut","0"
"2019","0hhc2","0hhc4",0.0938073921028467,"Hindgut","0"
"2122","0hhc3","0hhc4",0.151543847566575,"Hindgut","0"
"2319","0hhc5","0hhc4",0.0793732782369146,"Hindgut","0"
"2419","0hhc7","0hhc4",0.0468893480257117,"Hindgut","0"
"2519","0hhc1","0hhc5",0.164485766758494,"Hindgut","0"
"2619","0hhc2","0hhc5",0.0873220844811754,"Hindgut","0"
"2719","0hhc3","0hhc5",0.0769915059687787,"Hindgut","0"
"2819","0hhc4","0hhc5",0.0793732782369146,"Hindgut","0"
"3019","0hhc7","0hhc5",0.0453110651974288,"Hindgut","0"
"3121","0hhc1","0hhc7",0.161013544536272,"Hindgut","0"
"3220","0hhc2","0hhc7",0.0715105601469238,"Hindgut","0"
"3319","0hhc3","0hhc7",0.116649449035813,"Hindgut","0"
"3419","0hhc4","0hhc7",0.0468893480257117,"Hindgut","0"
"3519","0hhc5","0hhc7",0.0453110651974288,"Hindgut","0"
"260","3hhc2","3hhc1",0.409664830119376,"Hindgut","3"
"367","3hhc3","3hhc1",0.429120752984389,"Hindgut","3"
"420","3hhc4","3hhc1",0.40736914600551,"Hindgut","3"
"520","3hhc5","3hhc1",0.427599862258953,"Hindgut","3"
"620","3hhc6","3hhc1",0.403236914600551,"Hindgut","3"
"720","3hhc1","3hhc2",0.409664830119376,"Hindgut","3"
"920","3hhc3","3hhc2",0.23834940312213,"Hindgut","3"
"1020","3hhc4","3hhc2",0.168617998163453,"Hindgut","3"
"1120","3hhc5","3hhc2",0.224575298438935,"Hindgut","3"
"1220","3hhc6","3hhc2",0.247044306703398,"Hindgut","3"
"1320","3hhc1","3hhc3",0.429120752984389,"Hindgut","3"
"1420","3hhc2","3hhc3",0.23834940312213,"Hindgut","3"
"1620","3hhc4","3hhc3",0.159463957759412,"Hindgut","3"
"1720","3hhc5","3hhc3",0.125631313131313,"Hindgut","3"
"1820","3hhc6","3hhc3",0.199121900826446,"Hindgut","3"
"1920","3hhc1","3hhc4",0.40736914600551,"Hindgut","3"
"2020","3hhc2","3hhc4",0.168617998163453,"Hindgut","3"
"2123","3hhc3","3hhc4",0.159463957759412,"Hindgut","3"
"2320","3hhc5","3hhc4",0.135990587695133,"Hindgut","3"
"2420","3hhc6","3hhc4",0.169564967860422,"Hindgut","3"
"2520","3hhc1","3hhc5",0.427599862258953,"Hindgut","3"
"2620","3hhc2","3hhc5",0.224575298438935,"Hindgut","3"
"2720","3hhc3","3hhc5",0.125631313131313,"Hindgut","3"
"2820","3hhc4","3hhc5",0.135990587695133,"Hindgut","3"
"3020","3hhc6","3hhc5",0.159176997245179,"Hindgut","3"
"3122","3hhc1","3hhc6",0.403236914600551,"Hindgut","3"
"3221","3hhc2","3hhc6",0.247044306703398,"Hindgut","3"
"3320","3hhc3","3hhc6",0.199121900826446,"Hindgut","3"
"3420","3hhc4","3hhc6",0.169564967860422,"Hindgut","3"
"3520","3hhc5","3hhc6",0.159176997245179,"Hindgut","3"
"270","6hhc2","6hhc1",0.118256427915519,"Hindgut","6"
"368","6hhc3","6hhc1",0.106347566574839,"Hindgut","6"
"421","6hhc4","6hhc1",0.233872819100092,"Hindgut","6"
"521","6hhc5","6hhc1",0.398272497704316,"Hindgut","6"
"621","6hhc6","6hhc1",0.17808769513315,"Hindgut","6"
"721","6hhc1","6hhc2",0.118256427915519,"Hindgut","6"
"921","6hhc3","6hhc2",0.116075528007346,"Hindgut","6"
"1021","6hhc4","6hhc2",0.133752295684114,"Hindgut","6"
"1121","6hhc5","6hhc2",0.400912534435262,"Hindgut","6"
"1221","6hhc6","6hhc2",0.128357438016529,"Hindgut","6"
"1321","6hhc1","6hhc3",0.106347566574839,"Hindgut","6"
"1421","6hhc2","6hhc3",0.116075528007346,"Hindgut","6"
"1621","6hhc4","6hhc3",0.190140036730946,"Hindgut","6"
"1721","6hhc5","6hhc3",0.401945592286501,"Hindgut","6"
"1821","6hhc6","6hhc3",0.0902490817263545,"Hindgut","6"
"1921","6hhc1","6hhc4",0.233872819100092,"Hindgut","6"
"2021","6hhc2","6hhc4",0.133752295684114,"Hindgut","6"
"2124","6hhc3","6hhc4",0.190140036730946,"Hindgut","6"
"2321","6hhc5","6hhc4",0.417011019283747,"Hindgut","6"
"2421","6hhc6","6hhc4",0.187471303948577,"Hindgut","6"
"2521","6hhc1","6hhc5",0.398272497704316,"Hindgut","6"
"2621","6hhc2","6hhc5",0.400912534435262,"Hindgut","6"
"2721","6hhc3","6hhc5",0.401945592286501,"Hindgut","6"
"2821","6hhc4","6hhc5",0.417011019283747,"Hindgut","6"
"3021","6hhc6","6hhc5",0.455320247933884,"Hindgut","6"
"3123","6hhc1","6hhc6",0.17808769513315,"Hindgut","6"
"3222","6hhc2","6hhc6",0.128357438016529,"Hindgut","6"
"3321","6hhc3","6hhc6",0.0902490817263545,"Hindgut","6"
"3421","6hhc4","6hhc6",0.187471303948577,"Hindgut","6"
"3521","6hhc5","6hhc6",0.455320247933884,"Hindgut","6"
"280","9hhc2","9hhc1",0.278983011937557,"Hindgut","9"
"369","9hhc3","9hhc1",0.681789485766758,"Hindgut","9"
"422","9hhc4","9hhc1",0.402490817263545,"Hindgut","9"
"522","9hhc5","9hhc1",0.213211662075298,"Hindgut","9"
"622","9hhc6","9hhc1",0.277433425160698,"Hindgut","9"
"722","9hhc1","9hhc2",0.278983011937557,"Hindgut","9"
"922","9hhc3","9hhc2",0.681502525252525,"Hindgut","9"
"1022","9hhc4","9hhc2",0.339359504132231,"Hindgut","9"
"1122","9hhc5","9hhc2",0.25924012855831,"Hindgut","9"
"1222","9hhc6","9hhc2",0.184888659320477,"Hindgut","9"
"1322","9hhc1","9hhc3",0.681789485766758,"Hindgut","9"
"1422","9hhc2","9hhc3",0.681502525252525,"Hindgut","9"
"1622","9hhc4","9hhc3",0.526113406795225,"Hindgut","9"
"1722","9hhc5","9hhc3",0.562643480257117,"Hindgut","9"
"1822","9hhc6","9hhc3",0.637023645546373,"Hindgut","9"
"1922","9hhc1","9hhc4",0.402490817263545,"Hindgut","9"
"2022","9hhc2","9hhc4",0.339359504132231,"Hindgut","9"
"2125","9hhc3","9hhc4",0.526113406795225,"Hindgut","9"
"2322","9hhc5","9hhc4",0.30317378328742,"Hindgut","9"
"2422","9hhc6","9hhc4",0.293445821854913,"Hindgut","9"
"2522","9hhc1","9hhc5",0.213211662075298,"Hindgut","9"
"2622","9hhc2","9hhc5",0.25924012855831,"Hindgut","9"
"2722","9hhc3","9hhc5",0.562643480257117,"Hindgut","9"
"2822","9hhc4","9hhc5",0.30317378328742,"Hindgut","9"
"3022","9hhc6","9hhc5",0.213096877869605,"Hindgut","9"
"3124","9hhc1","9hhc6",0.277433425160698,"Hindgut","9"
"3223","9hhc2","9hhc6",0.184888659320477,"Hindgut","9"
"3322","9hhc3","9hhc6",0.637023645546373,"Hindgut","9"
"3422","9hhc4","9hhc6",0.293445821854913,"Hindgut","9"
"3522","9hhc5","9hhc6",0.213096877869605,"Hindgut","9"
"290","12hhc2","12hhc1",0.576159320477502,"Hindgut","12"
"370","12hhc3","12hhc1",0.576073232323232,"Hindgut","12"
"423","12hhc4","12hhc1",0.588556014692378,"Hindgut","12"
"523","12hhc5","12hhc1",0.654470844811754,"Hindgut","12"
"623","12hhc6","12hhc1",0.426251147842057,"Hindgut","12"
"723","12hhc1","12hhc2",0.576159320477502,"Hindgut","12"
"923","12hhc3","12hhc2",0.409865702479339,"Hindgut","12"
"1023","12hhc4","12hhc2",0.559630394857668,"Hindgut","12"
"1123","12hhc5","12hhc2",0.674586776859504,"Hindgut","12"
"1223","12hhc6","12hhc2",0.481462350780533,"Hindgut","12"
"1323","12hhc1","12hhc3",0.576073232323232,"Hindgut","12"
"1423","12hhc2","12hhc3",0.409865702479339,"Hindgut","12"
"1623","12hhc4","12hhc3",0.446367079889807,"Hindgut","12"
"1723","12hhc5","12hhc3",0.601239669421488,"Hindgut","12"
"1823","12hhc6","12hhc3",0.369203397612489,"Hindgut","12"
"1923","12hhc1","12hhc4",0.588556014692378,"Hindgut","12"
"2023","12hhc2","12hhc4",0.559630394857668,"Hindgut","12"
"2126","12hhc3","12hhc4",0.446367079889807,"Hindgut","12"
"2323","12hhc5","12hhc4",0.584395087235996,"Hindgut","12"
"2423","12hhc6","12hhc4",0.370207759412305,"Hindgut","12"
"2523","12hhc1","12hhc5",0.654470844811754,"Hindgut","12"
"2623","12hhc2","12hhc5",0.674586776859504,"Hindgut","12"
"2723","12hhc3","12hhc5",0.601239669421488,"Hindgut","12"
"2823","12hhc4","12hhc5",0.584395087235996,"Hindgut","12"
"3023","12hhc6","12hhc5",0.585542929292929,"Hindgut","12"
"3125","12hhc1","12hhc6",0.426251147842057,"Hindgut","12"
"3224","12hhc2","12hhc6",0.481462350780533,"Hindgut","12"
"3323","12hhc3","12hhc6",0.369203397612489,"Hindgut","12"
"3423","12hhc4","12hhc6",0.370207759412305,"Hindgut","12"
"3523","12hhc5","12hhc6",0.585542929292929,"Hindgut","12"
"291","24hhc2","24hhc1",0.714560376492195,"Hindgut","24"
"371","24hhc3","24hhc1",0.947658402203857,"Hindgut","24"
"424","24hhc4","24hhc1",0.753472222222222,"Hindgut","24"
"524","24hhc5","24hhc1",0.578024563820018,"Hindgut","24"
"624","24hhc6","24hhc1",0.971189164370983,"Hindgut","24"
"724","24hhc1","24hhc2",0.714560376492195,"Hindgut","24"
"924","24hhc3","24hhc2",0.89451331496786,"Hindgut","24"
"1024","24hhc4","24hhc2",0.544966712580349,"Hindgut","24"
"1124","24hhc5","24hhc2",0.525510789715335,"Hindgut","24"
"1224","24hhc6","24hhc2",0.948605371900826,"Hindgut","24"
"1324","24hhc1","24hhc3",0.947658402203857,"Hindgut","24"
"1424","24hhc2","24hhc3",0.89451331496786,"Hindgut","24"
"1624","24hhc4","24hhc3",0.734561524334252,"Hindgut","24"
"1724","24hhc5","24hhc3",0.848657024793388,"Hindgut","24"
"1824","24hhc6","24hhc3",0.765294995408632,"Hindgut","24"
"1924","24hhc1","24hhc4",0.753472222222222,"Hindgut","24"
"2024","24hhc2","24hhc4",0.544966712580349,"Hindgut","24"
"2127","24hhc3","24hhc4",0.734561524334252,"Hindgut","24"
"2324","24hhc5","24hhc4",0.56086432506887,"Hindgut","24"
"2424","24hhc6","24hhc4",0.809974747474748,"Hindgut","24"
"2524","24hhc1","24hhc5",0.578024563820018,"Hindgut","24"
"2624","24hhc2","24hhc5",0.525510789715335,"Hindgut","24"
"2724","24hhc3","24hhc5",0.848657024793388,"Hindgut","24"
"2824","24hhc4","24hhc5",0.56086432506887,"Hindgut","24"
"3024","24hhc6","24hhc5",0.929321625344353,"Hindgut","24"
"3126","24hhc1","24hhc6",0.971189164370983,"Hindgut","24"
"3225","24hhc2","24hhc6",0.948605371900826,"Hindgut","24"
"3324","24hhc3","24hhc6",0.765294995408632,"Hindgut","24"
"3424","24hhc4","24hhc6",0.809974747474748,"Hindgut","24"
"3524","24hhc5","24hhc6",0.929321625344353,"Hindgut","24"
"292","48hhc2","48hhc1",0.869691230486685,"Hindgut","48"
"372","48hhc3","48hhc1",0.308052112029385,"Hindgut","48"
"425","48hhc4","48hhc1",0.393824609733701,"Hindgut","48"
"525","48hhc5","48hhc1",0.486311983471074,"Hindgut","48"
"625","48hhc6","48hhc1",0.337924701561065,"Hindgut","48"
"725","48hhc1","48hhc2",0.869691230486685,"Hindgut","48"
"925","48hhc3","48hhc2",0.880079201101928,"Hindgut","48"
"1025","48hhc4","48hhc2",0.809630394857668,"Hindgut","48"
"1125","48hhc5","48hhc2",0.824466253443526,"Hindgut","48"
"1225","48hhc6","48hhc2",0.810261707988981,"Hindgut","48"
"1325","48hhc1","48hhc3",0.308052112029385,"Hindgut","48"
"1425","48hhc2","48hhc3",0.880079201101928,"Hindgut","48"
"1625","48hhc4","48hhc3",0.411099632690542,"Hindgut","48"
"1725","48hhc5","48hhc3",0.503300045913682,"Hindgut","48"
"1825","48hhc6","48hhc3",0.245092975206612,"Hindgut","48"
"1925","48hhc1","48hhc4",0.393824609733701,"Hindgut","48"
"2025","48hhc2","48hhc4",0.809630394857668,"Hindgut","48"
"2128","48hhc3","48hhc4",0.411099632690542,"Hindgut","48"
"2325","48hhc5","48hhc4",0.482323232323232,"Hindgut","48"
"2425","48hhc6","48hhc4",0.381140955004591,"Hindgut","48"
"2525","48hhc1","48hhc5",0.486311983471074,"Hindgut","48"
"2625","48hhc2","48hhc5",0.824466253443526,"Hindgut","48"
"2725","48hhc3","48hhc5",0.503300045913682,"Hindgut","48"
"2825","48hhc4","48hhc5",0.482323232323232,"Hindgut","48"
"3025","48hhc6","48hhc5",0.490013774104683,"Hindgut","48"
"3127","48hhc1","48hhc6",0.337924701561065,"Hindgut","48"
"3226","48hhc2","48hhc6",0.810261707988981,"Hindgut","48"
"3325","48hhc3","48hhc6",0.245092975206612,"Hindgut","48"
"3425","48hhc4","48hhc6",0.381140955004591,"Hindgut","48"
"3525","48hhc5","48hhc6",0.490013774104683,"Hindgut","48"
"293","72hhc2","72hhc1",0.314594811753903,"Hindgut","72"
"373","72hhc3","72hhc1",0.351670110192837,"Hindgut","72"
"426","72hhc4","72hhc1",0.209739439853076,"Hindgut","72"
"526","72hhc5","72hhc1",0.229051882460973,"Hindgut","72"
"626","72hhc6","72hhc1",0.52037419651056,"Hindgut","72"
"726","72hhc1","72hhc2",0.314594811753903,"Hindgut","72"
"926","72hhc3","72hhc2",0.263888888888889,"Hindgut","72"
"1026","72hhc4","72hhc2",0.281795224977043,"Hindgut","72"
"1126","72hhc5","72hhc2",0.253988751147842,"Hindgut","72"
"1226","72hhc6","72hhc2",0.441660927456382,"Hindgut","72"
"1326","72hhc1","72hhc3",0.351670110192837,"Hindgut","72"
"1426","72hhc2","72hhc3",0.263888888888889,"Hindgut","72"
"1626","72hhc4","72hhc3",0.300562442607897,"Hindgut","72"
"1726","72hhc5","72hhc3",0.226612718089991,"Hindgut","72"
"1826","72hhc6","72hhc3",0.433626033057851,"Hindgut","72"
"1926","72hhc1","72hhc4",0.209739439853076,"Hindgut","72"
"2026","72hhc2","72hhc4",0.281795224977043,"Hindgut","72"
"2129","72hhc3","72hhc4",0.300562442607897,"Hindgut","72"
"2326","72hhc5","72hhc4",0.156737832874197,"Hindgut","72"
"2426","72hhc6","72hhc4",0.462063820018365,"Hindgut","72"
"2526","72hhc1","72hhc5",0.229051882460973,"Hindgut","72"
"2626","72hhc2","72hhc5",0.253988751147842,"Hindgut","72"
"2726","72hhc3","72hhc5",0.226612718089991,"Hindgut","72"
"2826","72hhc4","72hhc5",0.156737832874197,"Hindgut","72"
"3026","72hhc6","72hhc5",0.445534894398531,"Hindgut","72"
"3128","72hhc1","72hhc6",0.52037419651056,"Hindgut","72"
"3227","72hhc2","72hhc6",0.441660927456382,"Hindgut","72"
"3326","72hhc3","72hhc6",0.433626033057851,"Hindgut","72"
"3426","72hhc4","72hhc6",0.462063820018365,"Hindgut","72"
"3526","72hhc5","72hhc6",0.445534894398531,"Hindgut","72"
