"SampleID","node num","edge num","Average degree","Clustering coefficient","Average path length","Modularity","Network stability","Vulnerability"
"CKqc1",33,35,2.12121212121212,0.654545454545455,1.20878676147704,0.822857142857143,0.300638333655813,0.1362924363073
"CKqc2",45,58,2.57777777777778,0.624,1.98585439411389,0.817479191438763,0.715597025558564,0.188050607092978
"CKqc3",45,66,2.93333333333333,0.702127659574468,2.0803079097605,0.780417814508724,0.933894401298003,0.182956828523178
"CKqc4",25,27,2.16,0.652173913043478,1.23434016824383,0.740740740740741,0.25393523920928,0.170034324201921
"CKqc5",64,132,4.125,0.797527047913447,1.8851075166744,0.787649219467402,1.34577167564526,0.109993168378435
"CKqc6",42,63,3,0.758064516129032,1.7425693407847,0.777777777777778,1.19188501649944,0.244788179002839
"0hqc1",27,26,1.92592592592593,0.675,1.10514158768751,0.772189349112426,0.122517899458848,0.208490267261867
"0hqc2",22,23,2.09090909090909,0.692307692307692,1.1333581608477,0.718336483931947,0.431652266712695,0.238141479198271
"0hqc3",36,40,2.22222222222222,0.727272727272727,1.08850268356627,0.85625,0.190806095965167,0.128901486786234
"0hqc4",31,34,2.19354838709677,0.661016949152542,1.22725426018009,0.809688581314879,0.578338058771336,0.134783845380225
"0hqc5",32,34,2.125,0.611111111111111,1.31165517656042,0.813148788927336,0.766080392781895,0.13006543126747
"0hqc7",36,40,2.22222222222222,0.727272727272727,1.20248123686453,0.84625,0.271097842644826,0.128686183846811
"3hqc1",48,98,4.08333333333333,0.75,1.3944382730538,0.727197001249479,2.97808846830666,0.0636900615382897
"3hqc2",50,62,2.48,0.700729927007299,1.25534507449071,0.86264308012487,0.639766095902629,0.103304731308291
"3hqc3",23,23,2,0.631578947368421,1.18718863766376,0.718336483931947,0.372918377754022,0.220659647751215
"3hqc4",37,59,3.18918918918919,0.753926701570681,1.17206039974534,0.759551852915829,0.314657602737613,0.083511849724918
"3hqc5",43,56,2.6046511627907,0.790540540540541,1.17988425417322,0.788265306122449,0.783802035950211,0.0878893495822905
"3hqc6",33,38,2.3030303030303,0.794117647058823,1.06724700334431,0.835180055401662,0.248056115896075,0.149039768602925
"6hqc1",44,61,2.77272727272727,0.792452830188679,1.21360775485453,0.830959419510884,0.547005287427754,0.102116386292082
"6hqc2",46,61,2.65217391304348,0.834437086092715,1.32605472820147,0.832168771835528,0.582883160466975,0.103684755900234
"6hqc3",49,72,2.93877551020408,0.857142857142857,1.15317759558794,0.868055555555555,0.399312473258066,0.0738211235479746
"6hqc4",45,63,2.8,0.74025974025974,1.2864653767864,0.839002267573696,0.71077066753268,0.0641901568493632
"6hqc5",62,86,2.7741935483871,0.688524590163934,1.65799277403501,0.817536506219578,0.699370423984938,0.131575925841615
"6hqc6",45,58,2.57777777777778,0.75,1.3045934666868,0.816290130796671,0.591099111264962,0.111453256686818
"9hqc1",44,47,2.13636363636364,0.662790697674419,1.17847491056644,0.851063829787234,0.240650229125105,0.102947109791315
"9hqc2",49,76,3.10204081632653,0.727941176470588,1.37550358861272,0.735457063711911,0.501640720388343,0.0999155756613065
"9hqc3",47,65,2.76595744680851,0.771929824561403,1.25156265124463,0.830295857988166,0.310168990215553,0.0991069215952988
"9hqc4",52,80,3.07692307692308,0.732824427480916,1.43794848605135,0.7996875,0.314037752054073,0.0841590510099108
"9hqc5",61,81,2.65573770491803,0.698630136986301,1.31801259905069,0.839811004420058,0.78946776630672,0.103880176652046
"9hqc6",46,57,2.47826086956522,0.75,1.51032928597587,0.736688211757464,1.07990456947684,0.153749599946381
"12hqc1",45,65,2.88888888888889,0.666666666666667,1.3291695738125,0.786272189349112,0.372153859998969,0.0781150180516628
"12hqc2",49,64,2.61224489795918,0.69811320754717,1.27372857594067,0.8369140625,0.264342049287641,0.100969448180774
"12hqc3",62,125,4.03225806451613,0.742175856929955,1.86888242957374,0.685152,0.855213593027886,0.162278711765725
"12hqc4",51,65,2.54901960784314,0.74025974025974,1.43801166910598,0.841183431952663,0.748687404810187,0.0924363538332714
"12hqc5",50,88,3.52,0.715170278637771,1.97425221512212,0.785059400826446,0.635736216711576,0.152272562432305
"12hqc6",44,78,3.54545454545455,0.792857142857143,1.91117581710192,0.775147928994083,1.03595405231794,0.222714316125724
"24hqc1",51,59,2.31372549019608,0.71900826446281,1.32096599878661,0.854926745188164,0.477072866898079,0.103784087016688
"24hqc2",63,92,2.92063492063492,0.817073170731707,1.38776079528382,0.877599243856333,0.609381865057951,0.0855698803325285
"24hqc3",58,114,3.93103448275862,0.95631067961165,1.11885709098279,0.731301939058172,1.65988745906956,0.0475110528004711
"24hqc4",54,75,2.77777777777778,0.787128712871287,1.22092774409311,0.850488888888889,0.552922086799745,0.0863542192326382
"24hqc5",32,32,2,0.673469387755102,1.11128537127441,0.822265625,0.113939735644231,0.171477970436522
"24hqc6",45,64,2.84444444444444,0.801242236024845,1.2496827534777,0.84033203125,0.427192926121307,0.100147372909599
"48hqc1",58,72,2.48275862068966,0.773006134969325,1.13281841098421,0.880015432098765,0.574533315277083,0.068495930381277
"48hqc2",41,48,2.34146341463415,0.7,1.15920292889001,0.853298611111111,0.466082604997562,0.099362376272719
"48hqc3",61,79,2.59016393442623,0.827027027027027,1.24142151186946,0.877984297388239,0.315825470253058,0.113610145394813
"48hqc4",45,50,2.22222222222222,0.759036144578313,1.21750667782889,0.8736,0.446248790243631,0.10650156073019
"48hqc5",53,57,2.15094339622642,0.827586206896552,1.10677684570208,0.861803631886734,0.528655297052368,0.10261206721942
"48hqc6",66,83,2.51515151515152,0.69364161849711,1.54260827251882,0.892219480330963,0.398179296085356,0.0756294806296081
"72hqc1",30,31,2.06666666666667,0.6875,1.12863906885807,0.815816857440167,0.501886541021576,0.177652413618266
"72hqc2",27,27,2,0.627906976744186,1.20971024015547,0.768175582990398,0.575998310564524,0.184135866574139
"72hqc3",51,58,2.27450980392157,0.783582089552239,1.36217563873777,0.822681331747919,0.562374006036076,0.144227688924905
"72hqc4",45,61,2.71111111111111,0.831325301204819,1.19531313496421,0.816447191615157,0.503480124476392,0.0811753047444604
"72hqc5",50,61,2.44,0.75,1.43715482835347,0.85353399623757,0.366330368778405,0.0833848394646294
"72hqc6",46,50,2.17391304347826,0.774193548387097,1.12498878957572,0.8632,0.348527343020679,0.10133150930583
"CKhc1",48,85,3.54166666666667,0.795918367346939,1.10219828575373,0.689826989619377,0.707195923866466,0.0796778565115085
"CKhc2",67,125,3.73134328358209,0.803305785123967,1.15587652514628,0.776576,1.32582292451857,0.0706373739123385
"CKhc3",65,112,3.44615384615385,0.806451612903226,1.02613548298584,0.801658163265306,0.731864628068086,0.0640108896133394
"CKhc4",59,116,3.93220338983051,0.786407766990291,1.08094657925083,0.793549346016647,0.69510496556891,0.0952572364903943
"CKhc5",85,185,4.35294117647059,0.765456329735034,1.39811659263923,0.777852447041637,2.02163173576365,0.051397678365839
"CKhc6",132,460,6.96969696969697,0.909655172413793,1.35282634814681,0.827710302457467,2.42761469997604,0.0270045215749893
"0hhc1",160,794,9.925,0.860865554616035,1.46815842150023,0.65367777220844,8.38355679496888,0.024625237214666
"0hhc2",91,168,3.69230769230769,0.762931034482759,1.52295002021974,0.858577806122449,1.78120586645188,0.0751354867603161
"0hhc3",49,90,3.6734693877551,0.774647887323944,1.1377735302235,0.68,0.829658619079038,0.129234763626242
"0hhc4",76,154,4.05263157894737,0.805343511450382,1.34208875734119,0.804878562995446,2.33886088862863,0.0679535094094592
"0hhc5",46,87,3.78260869565217,0.776223776223776,1.14743350949716,0.653190646056282,1.72457979369545,0.132390781832098
"0hhc7",44,80,3.63636363636364,0.744125326370757,1.15492100463259,0.61875,1.02632705714091,0.138955969850753
"3hhc1",92,231,5.02173913043478,0.794776119402985,1.74655136905868,0.761211371600982,2.91305979196193,0.0717771379485363
"3hhc2",119,252,4.23529411764706,0.744578313253012,1.67753411083085,0.870630196523054,1.38063707599778,0.0954735407685949
"3hhc3",78,134,3.43589743589744,0.798969072164949,1.28555506424762,0.815660503452884,1.26890838466964,0.0865369318190667
"3hhc4",182,757,8.31868131868132,0.829135466303608,3.39249278829728,0.76778512832236,5.83374752179655,0.161213533886398
"3hhc5",149,479,6.42953020134228,0.7860453769212,1.71419766715978,0.796943440797416,4.01463600684446,0.0640873429944254
"3hhc6",176,638,7.25,0.823068754977436,3.2577680847328,0.682004893819832,5.18235643917518,0.132974384948478
"6hhc1",161,603,7.49068322981366,0.769704975781594,1.71289401659124,0.704982549936883,3.39871637203191,0.0368536595533113
"6hhc2",121,327,5.40495867768595,0.827586206896552,1.38065182397419,0.797575961619392,3.76777428837605,0.0357389585147731
"6hhc3",132,444,6.72727272727273,0.885472713297463,1.60439493926943,0.840100235370506,3.66603443024593,0.0620489822383654
"6hhc4",89,204,4.58426966292135,0.868210151380231,1.18282616890126,0.844482891195694,1.16393417092327,0.0544836806719192
"6hhc5",127,356,5.60629921259843,0.802910052910053,2.54310444377709,0.854374447670749,2.17700635856559,0.152177368831254
"6hhc6",104,280,5.38461538461538,0.816243654822335,1.53447093693459,0.806658163265306,3.05937836000097,0.0995255456792591
"9hhc1",129,473,7.33333333333333,0.800623052959502,1.66021003308633,0.757085581216561,3.38151242922716,0.0304583317817921
"9hhc2",149,447,6,0.747566515249838,3.44950229871138,0.845444899879385,2.73370105870558,0.207409812261437
"9hhc3",96,241,5.02083333333333,0.894993045897079,1.20427028498379,0.855641259620186,2.76420087799491,0.0521042277897545
"9hhc4",196,816,8.3265306122449,0.782722228266783,2.89007716729179,0.772890084342561,5.72518356061826,0.144145789673908
"9hhc5",193,771,7.98963730569948,0.855602156980228,3.58828519079975,0.835363812388446,5.1090751892792,0.226891323263668
"9hhc6",141,452,6.4113475177305,0.798245614035088,1.73742258392226,0.783743832719868,2.27727464024513,0.0875944953500447
"12hhc1",150,556,7.41333333333333,0.78101242351196,2.82343609676512,0.773365120852958,4.36900996877359,0.179725704350943
"12hhc2",159,554,6.9685534591195,0.757914338919926,3.83625867259217,0.800417703866856,2.52746882985671,0.229468358719092
"12hhc3",189,660,6.98412698412698,0.772427774961987,3.41561859618341,0.829597107438016,2.49531165160645,0.190979968495784
"12hhc4",176,699,7.94318181818182,0.834437086092715,2.93476768614723,0.850404522299381,2.95372687185257,0.165236324688939
"12hhc5",175,793,9.06285714285714,0.901476377952756,1.63525207125619,0.792774577044728,5.87163275860536,0.0310975094800858
"12hhc6",187,853,9.12299465240642,0.812671635935661,3.36914392172234,0.80603181104137,4.0961840132046,0.176293135083107
"24hhc1",117,312,5.33333333333333,0.793780687397709,3.33302903320687,0.869591346153846,2.43133871245234,0.177379059418106
"24hhc2",153,561,7.33333333333333,0.831790744466801,3.10853511446967,0.858927430962662,4.626265192418,0.180941413362089
"24hhc3",184,960,10.4347826086957,0.789441333151209,3.37155604887926,0.723843315972222,5.91698994610119,0.162678885186388
"24hhc4",231,1471,12.7359307359307,0.836599787403667,3.3647141803817,0.745379166029297,10.1607322155192,0.135139373786258
"24hhc5",176,694,7.88636363636364,0.771830985915493,3.40653168048225,0.777021443579799,2.88008094837329,0.183705626557146
"24hhc6",180,935,10.3888888888889,0.793221706677426,3.53518292279028,0.743791929995139,8.51662685872115,0.156266135075324
"48hhc1",159,538,6.76729559748428,0.844776119402985,1.64156995394574,0.822810284545543,2.14025749347431,0.082743460524602
"48hhc2",239,1823,15.255230125523,0.86234917508003,3.18348877064599,0.653598695765602,14.376868497967,0.116149647127976
"48hhc3",124,353,5.69354838709677,0.869628550619082,1.75534160334406,0.828732274554807,5.74624878299418,0.0715535607670242
"48hhc4",169,678,8.02366863905325,0.919700339459206,1.91306878463268,0.787150520792544,5.16693362409022,0.0730293880826823
"48hhc5",146,552,7.56164383561644,0.944213554987212,1.51730142847106,0.810742556710775,5.10635074587873,0.0559504372250569
"48hhc6",190,868,9.13684210526316,0.846651512502186,2.68507263455952,0.816777803733356,3.84254111491595,0.14716982737815
"72hhc1",132,390,5.90909090909091,0.823669849931787,2.03184256586045,0.85060157790927,1.68919803746431,0.163626697851582
"72hhc2",184,850,9.23913043478261,0.827118354808431,1.71553240341846,0.743880276816609,6.3576441996101,0.0243704124484961
"72hhc3",195,826,8.47179487179487,0.88038180341186,2.85230909740587,0.844842849521308,11.0484547670187,0.133476424965145
"72hhc4",223,1057,9.47982062780269,0.853032498447526,3.27374825183119,0.818033401685747,9.11668167823774,0.144378548861585
"72hhc5",192,681,7.09375,0.794201520912547,3.58059543931732,0.84309482686125,4.96826839242568,0.18913594564251
"72hhc6",204,854,8.37254901960784,0.843523997370151,3.34306411488747,0.8438598632143,3.667470976674,0.158888848038454
"CKmc1",66,214,6.48484848484848,0.892252894033838,1.63743750456757,0.54936020613154,3.51093028459873,0.164188106185408
"CKmc2",75,336,8.96,0.917151454363089,1.97502782367225,0.488896860827665,8.09477530189703,0.197324602804817
"CKmc3",95,678,14.2736842105263,0.945618174834001,1.69793813546488,0.294980899922555,10.9152559124032,0.168978325261568
"CKmc4",55,225,8.18181818181818,0.920081967213115,1.30251821566545,0.423674074074074,5.30298875449417,0.157769241455048
"CKmc5",86,522,12.1395348837209,0.951797111185757,1.69734145573415,0.320123383391319,8.0294539037106,0.173712202936282
"CKmc6",44,107,4.86363636363636,0.866412213740458,1.22188486105421,0.537863568870644,2.87100675670063,0.128823856535367
"0hmc1",30,45,3,0.832258064516129,1.28470037669188,0.624197530864197,0.879463620786022,0.188540034610496
"0hmc2",36,70,3.88888888888889,0.876790830945559,1.36832861264213,0.629285714285714,2.45654453116522,0.245237655883232
"0hmc3",46,76,3.30434782608696,0.831325301204819,1.1871235268637,0.676939058171745,0.804838915891826,0.163704435580927
"0hmc4",47,90,3.82978723404255,0.91304347826087,1.00586397454789,0.796296296296296,0.706495885313085,0.0407419430018916
"0hmc5",48,85,3.54166666666667,0.770992366412214,1.51276285104716,0.687404844290657,1.22079111253668,0.232189096284105
"0hmc7",48,81,3.375,0.814285714285714,1.14376757364262,0.696540161560737,1.16705623709539,0.0695500777811625
"3hmc1",40,72,3.6,0.80672268907563,1.18468235983361,0.601851851851852,1.30979370254738,0.0705458995420468
"3hmc2",63,144,4.57142857142857,0.893129770992366,1.71655761604621,0.683907214506173,0.867963562922135,0.205767619935683
"3hmc3",40,67,3.35,0.786206896551724,1.20202504881967,0.616172867008243,0.595211555295454,0.0789765810497887
"3hmc4",52,121,4.65384615384615,0.937748344370861,1.09221670604442,0.701318215968855,2.0857876371379,0.092514969482661
"3hmc5",36,51,2.83333333333333,0.788571428571429,1.1569141938905,0.69357939254133,0.644000668173652,0.124451297892022
"3hmc6",48,83,3.45833333333333,0.835777126099707,1.49000651178022,0.738786471185949,1.00896566092337,0.143418083981062
"6hmc1",89,520,11.685393258427,0.945639756283321,1.70762340631851,0.439792899408284,4.6473516220172,0.240285141755896
"6hmc2",56,144,5.14285714285714,0.865384615384615,1.58877751888598,0.700062692901234,1.02441770855498,0.295234210332603
"6hmc3",54,118,4.37037037037037,0.874137931034483,1.62472827726956,0.774525998276358,1.76216858802236,0.240616809124933
"6hmc4",45,60,2.66666666666667,0.768115942028985,1.49388167936517,0.665694444444444,1.32552692029127,0.178763878589559
"6hmc5",40,66,3.3,0.78,1.35884150939434,0.66850321395776,0.674542612478776,0.166937960019156
"6hmc6",41,62,3.02439024390244,0.801724137931034,1.21058591385586,0.68054110301769,1.14249735427781,0.180330232591621
"9hmc1",40,51,2.55,0.862745098039216,1.02751624841768,0.739715494040753,0.170754140447305,0.0804528322163292
"9hmc2",45,70,3.11111111111111,0.845559845559846,1.25790696448334,0.708163265306122,0.295649113333568,0.20624862677106
"9hmc3",41,58,2.82926829268293,0.794117647058823,1.55333034358755,0.784631391200951,0.686022626487839,0.31441158969087
"9hmc4",49,76,3.10204081632653,0.811111111111111,1.51686336104044,0.750779085872576,0.490220951521207,0.162161696575657
"9hmc5",73,182,4.98630136986301,0.940330697340043,1.17744683994951,0.702104214466852,3.72960188985486,0.12078945078116
"9hmc6",40,66,3.3,0.78125,1.20519063141941,0.605601469237833,1.23522011571708,0.0788515153364041
"12hmc1",45,76,3.37777777777778,0.791304347826087,1.37335913144131,0.648545706371191,3.04151403214508,0.142765127431679
"12hmc2",44,72,3.27272727272727,0.797202797202797,1.2196194129261,0.718364197530864,1.15950673275867,0.141281956665943
"12hmc3",45,81,3.6,0.814516129032258,1.16411991189151,0.680688919372047,0.917930511070852,0.0645169685755281
"12hmc4",44,78,3.54545454545455,0.805479452054795,1.40769402042219,0.64258711374096,0.258769812803208,0.133092651802072
"12hmc5",43,74,3.44186046511628,0.771428571428571,1.56422831860626,0.652209642074507,1.19075842836609,0.17186306221031
"12hmc6",48,92,3.83333333333333,0.832941176470588,1.36178581585124,0.714969281663516,0.855733311734537,0.11631979395451
"24hmc1",83,241,5.80722891566265,0.946708463949843,1.39146005470163,0.757872626160018,1.67570576251247,0.106483393157509
"24hmc2",68,178,5.23529411764706,0.944767441860465,1.36433395138417,0.814354248200985,1.69194206947054,0.0999741550506986
"24hmc3",51,111,4.35294117647059,0.83695652173913,1.29111560739414,0.750385520655791,1.80657670214432,0.112605343459556
"24hmc4",66,150,4.54545454545454,0.818548387096774,1.47491351654362,0.8032,1.41733547352492,0.120663220641561
"24hmc5",48,72,3,0.782101167315175,1.18263342232164,0.736882716049382,0.421732192028706,0.0670067129692512
"24hmc6",88,283,6.43181818181818,0.902247591865858,1.46053247776546,0.686280263207182,3.39435992027484,0.133445817949509
"48hmc1",50,110,4.4,0.807291666666667,1.4364477106195,0.70198347107438,1.62609629965828,0.142349303336875
"48hmc2",65,143,4.4,0.803504380475594,1.44835096016342,0.751625996381241,1.94873155338437,0.128376145322467
"48hmc3",57,115,4.03508771929825,0.815533980582524,1.51578015856814,0.701398865784499,0.709894378028413,0.166447740400561
"48hmc4",59,119,4.03389830508475,0.848684210526316,1.25150058781612,0.740484429065744,1.71253596241102,0.119230673557893
"48hmc5",77,206,5.35064935064935,0.883354350567465,1.46758926420923,0.719895843152041,1.71264594527153,0.0984351594535033
"48hmc6",61,115,3.77049180327869,0.838403041825095,1.51536769203851,0.763742911153119,0.576804456940062,0.16128566630964
"72hmc1",44,125,5.68181818181818,0.893973214285714,1.44913100384916,0.624128,3.49074353053902,0.150163198586333
"72hmc2",80,222,5.55,0.93317563571851,1.62339728616226,0.767997727457187,4.36671904595027,0.17734509159375
"72hmc3",64,135,4.21875,0.849521203830369,1.40466231165718,0.760466392318244,2.16493864443141,0.107651876524348
"72hmc4",75,201,5.36,0.921113689095128,1.51131366167874,0.80809880943541,2.41044268190392,0.153041263580562
"72hmc5",57,126,4.42105263157895,0.845833333333333,1.6179442100005,0.720962459057697,1.66302649219619,0.196320640767495
"72hmc6",46,107,4.65217391304348,0.84812030075188,1.20424077608139,0.639182461350337,0.748981452117684,0.0520616661768005
"CK1",82,129,3.14634146341463,0.800373134328358,1.41031418244735,0.812541313622979,0.907680606151072,0.0758069007742336
"CK2",90,181,4.02222222222222,0.809575625680087,1.40939990089753,0.823524922926651,2.03109179136673,0.0779251314028518
"CK3",126,316,5.01587301587302,0.796806966618287,1.5033948400253,0.836159069059446,2.99355948933231,0.0570756331453533
"CK4",83,143,3.44578313253012,0.798076923076923,1.38780804255832,0.825150374101423,0.977885766950472,0.0665886467022347
"CK5",124,332,5.35483870967742,0.774496644295302,1.45560182528886,0.839617506169255,2.27111879589672,0.0533296948160605
"CK6",106,209,3.94339622641509,0.802950474183351,1.39323648160773,0.850026327236099,1.93932854512347,0.0594864070796651
"0h1",104,221,4.25,0.82,1.40315854300124,0.832087795090191,1.24424630043475,0.0417228319207404
"0h2",68,127,3.73529411764706,0.782608695652174,1.44550922779851,0.78513857027714,1.08148656369325,0.0675654877232062
"0h3",60,100,3.33333333333333,0.777777777777778,1.48708250041421,0.72605,0.846457947745061,0.0876725743237861
"0h4",74,134,3.62162162162162,0.778894472361809,1.39910607667161,0.811121630652706,0.839964353967065,0.0674807037597691
"0h5",64,110,3.4375,0.800796812749004,1.45982618574123,0.757892561983471,0.637690107256124,0.0835670390205733
"0h7",63,103,3.26984126984127,0.775641025641026,1.48631781180611,0.737062871147139,1.51602057066347,0.087163775756062
"3h1",95,194,4.08421052631579,0.77511961722488,1.6006585018479,0.812732490168987,1.33669398710237,0.075327106697832
"3h2",100,194,3.88,0.775055679287305,1.37719154325504,0.858127856307791,1.34356223925205,0.0570132197717144
"3h3",65,102,3.13846153846154,0.764966740576497,1.48329384904872,0.73937908496732,0.803680194733676,0.0860936476977595
"3h4",132,327,4.95454545454546,0.773634453781513,1.53133586289581,0.869829513041364,3.93118923980539,0.0512078473695103
"3h5",104,211,4.05769230769231,0.776649746192893,1.42071893190112,0.847150782776667,1.56003424231153,0.0768715741334369
"3h6",110,211,3.83636363636364,0.772727272727273,1.36106348628985,0.849486759057523,1.81123974216108,0.0424514109941553
"6h1",125,292,4.672,0.753759398496241,1.48810387628997,0.86566428973541,1.97297566256198,0.053692040767402
"6h2",100,196,3.92,0.821590909090909,1.36371804645002,0.871108392336526,0.964714751197925,0.0471913733098417
"6h3",113,225,3.98230088495575,0.798245614035088,1.38797812720383,0.865066666666666,1.26151316412539,0.042151364597182
"6h4",86,160,3.72093023255814,0.796101949025487,1.36456353308144,0.85314453125,1.18521139050326,0.059830229918486
"6h5",115,221,3.84347826086957,0.785444234404537,1.53744731364494,0.835762986015848,1.38548493640603,0.0826652030590052
"6h6",83,149,3.59036144578313,0.746606334841629,1.43486850183674,0.817508220350435,1.58456321639127,0.0569350672345174
"9h1",92,160,3.47826086956522,0.759146341463415,1.41688415879436,0.85080078125,1.63158490232356,0.056166227439705
"9h2",113,242,4.28318584070797,0.725846407927333,1.45802385520838,0.848097807526808,0.946021995428367,0.0458119447410809
"9h3",112,201,3.58928571428571,0.813186813186813,1.36293932201746,0.866414197668375,1.22299471446571,0.047652288455825
"9h4",151,362,4.79470198675497,0.785783836416748,1.49711227334207,0.878846036445774,2.3946981491235,0.0626086563389435
"9h5",152,411,5.40789473684211,0.808246597277822,1.33569277698153,0.899272440963527,1.85650553059478,0.0278239816262067
"9h6",113,204,3.61061946902655,0.73489932885906,1.52014520633393,0.834342560553633,1.20899195732178,0.0712791952989693
"12h1",115,268,4.66086956521739,0.8,1.40476352015188,0.847314268211183,2.26214036308113,0.0404934243652245
"12h2",121,263,4.34710743801653,0.7471952131638,1.51790341338057,0.855556680015614,1.48298650600482,0.0371743278656711
"12h3",132,318,4.81818181818182,0.760285244103127,1.55473475277638,0.85669079545904,2.63148568592451,0.0466424859704254
"12h4",121,240,3.96694214876033,0.787430683918669,1.39382045981818,0.869201388888889,1.23253422038466,0.0355700965501017
"12h5",132,310,4.6969696969697,0.863874345549738,1.44996978686674,0.876732570239333,1.82834755047965,0.0563005575980126
"12h6",144,303,4.20833333333333,0.765241765942537,1.67435085194679,0.897444694964546,1.32908439139099,0.058423836008102
"24h1",119,218,3.66386554621849,0.806779661016949,1.46327027079341,0.873968942008249,1.12917591661845,0.0456343723650796
"24h2",134,313,4.67164179104478,0.827586206896552,1.48177187910108,0.892797721728302,2.13968080615795,0.0522981140795241
"24h3",160,514,6.425,0.83585459471664,1.47376223742415,0.848536692455601,2.07768909188295,0.0522421329606461
"24h4",187,607,6.49197860962567,0.811042944785276,1.55148438279413,0.882077302421773,2.47654277035373,0.0698589201086214
"24h5",143,378,5.28671328671329,0.809951060358891,1.49756307109978,0.87030388287002,1.78403260492999,0.0609155305829493
"24h6",172,495,5.75581395348837,0.810053043697904,1.58281052438301,0.847152331394755,3.79131198579876,0.097423759625221
"48h1",131,356,5.4351145038168,0.919014084507042,1.21920494688332,0.789183815174852,4.49945335970129,0.0279089480370066
"48h2",193,673,6.9740932642487,0.853643506393468,1.49070847124671,0.858704123604362,3.76074888386491,0.0680632800769558
"48h3",107,251,4.69158878504673,0.8898756660746,1.27266489365604,0.804241202520596,1.41108438301527,0.0386096662126054
"48h4",137,301,4.39416058394161,0.877959927140255,1.36967940601312,0.880034436705997,3.68789729452474,0.0346251949274329
"48h5",117,347,5.93162393162393,0.935575221238938,1.20046279176908,0.820005149116761,2.37883759188479,0.0272002328528469
"48h6",134,303,4.52238805970149,0.791489361702128,1.38379873900741,0.874663703994162,2.27383101465992,0.0353285199463992
"72h1",104,205,3.94230769230769,0.797133406835722,1.34677388537765,0.856775728732897,1.49325419509744,0.0451595806827428
"72h2",138,331,4.79710144927536,0.8192,1.36089380648909,0.882759376055348,2.04676405764673,0.0572757888740115
"72h3",125,289,4.624,0.842142857142857,1.38812390301933,0.895194023060069,2.11354459396135,0.0535198959989456
"72h4",151,387,5.12582781456954,0.844783715012723,1.48274596803781,0.885420213795913,3.50834410997284,0.0506639758155837
"72h5",136,307,4.51470588235294,0.802816901408451,1.48248848778475,0.864369913739138,2.08003497361494,0.0604844251356585
"72h6",149,426,5.71812080536913,0.895522388059702,1.31574053587324,0.830258546584672,3.35500455190579,0.0347581655468597
"pCK1",146,1918,26.2739726027397,0.852750809061489,2.27243601780874,0.49103507085609,20.9795526364301,0.041529358520579
"pCK2",144,2177,30.2361111111111,0.8490573012939,2.30390494936938,0.499772541640388,18.5569309906668,0.0393001160955053
"pCK3",125,1735,27.76,0.865801213132642,2.29372068784069,0.453984170618475,13.682688283562,0.0385413352418482
"pCK4",138,2086,30.231884057971,0.846753515837456,2.3181338537715,0.495764922337567,18.4895804730467,0.0384775208253619
"pCK5",166,2088,25.1566265060241,0.84039128111685,2.29507407704356,0.531440492836277,16.5809447535637,0.0391035134641018
"pCK6",147,1886,25.6598639455782,0.852745819001305,2.3050178404812,0.495166567519334,22.1829512869207,0.0407118631450595
"pCK7",129,1857,28.7906976744186,0.855566609387718,2.29819813575453,0.505365310607754,15.3162231486643,0.0379946508037908
"pCK8",144,1953,27.125,0.858886400362884,2.35194812413231,0.490715506150817,18.081202379624,0.0396149084626779
"Y01",110,610,11.0909090909091,0.842672413793103,1.58018218203696,0.621484815909702,6.60270885942152,0.0706924191433472
"Y02",65,384,11.8153846153846,0.817545030020013,2.51658540857116,0.477159288194444,3.56828469338608,0.041314297327387
"Y03",79,450,11.3924050632911,0.814070351758794,2.70254645841064,0.486817283950617,4.62519571706904,0.168434620078608
"Y04",89,430,9.66292134831461,0.836926568325498,2.39853667874177,0.55152244456463,4.17780996762883,0.125276415668157
"Y05",89,492,11.0561797752809,0.868784693516003,2.46140293123239,0.501509931257849,5.24259126856033,0.129581101650114
"Y06",81,639,15.7777777777778,0.895722494147691,2.20241828529538,0.453639416047668,10.0672935507929,0.0913654848362287
"Y07",81,533,13.1604938271605,0.843084832904884,2.67349966043038,0.509338622755545,10.5741427635255,0.157576856411011
"Y08",70,437,12.4857142857143,0.777117973079968,2.59685893491262,0.409807350931303,5.60534331345914,0.136109046906204
"Y31",37,79,4.27027027027027,0.853391684901532,1.58731774995286,0.568899214869412,1.23780282396372,0.244192732558728
"Y32",71,187,5.26760563380282,0.816440542697526,1.63423221171479,0.746060796705654,2.06986693879496,0.064366163086403
"Y33",46,98,4.26086956521739,0.91578947368421,1.6059990052037,0.646241149521033,0.80323647780783,0.188690584373082
"Y34",89,355,7.97752808988764,0.812892652280798,2.08838274261926,0.68112676056338,3.76077935701977,0.0687935709159274
"Y35",54,154,5.7037037037037,0.895161290322581,2.15524691206525,0.530169505818856,3.43126283362756,0.241114593376665
"Y36",65,209,6.43076923076923,0.702877275396359,1.82136233610971,0.614626496646139,3.11075488531539,0.0464200164630704
"Y37",54,163,6.03703703703704,0.928779069767442,3.2431600426916,0.617091347058602,1.69841216894609,0.235320535040234
"Y38",77,236,6.12987012987013,0.77408818726184,1.80513091151174,0.697392990519966,3.80337943196022,0.119043180872197
"Y61",93,453,9.74193548387097,0.822978398011852,2.22469307341846,0.736502784965572,5.08151087140599,0.0505478637859432
"Y62",84,338,8.04761904761905,0.747057284854826,2.22771875840477,0.571570498231855,5.96783372003359,0.102661408216856
"Y63",65,290,8.92307692307693,0.880305602716469,2.33977790864793,0.569536266349584,3.49365836627544,0.10441421255437
"Y64",96,440,9.16666666666667,0.751627539948708,2.24963006919892,0.656722623966942,3.19764822427439,0.115906667550268
"Y65",72,384,10.6666666666667,0.829134305739723,2.19593981436821,0.597371419270833,3.7177984159568,0.0402911783714337
"Y66",63,207,6.57142857142857,0.773037542662116,3.04891004622477,0.599722280566641,1.20862101980159,0.208028073353771
"Y67",81,379,9.35802469135803,0.792966157929662,2.9024970726628,0.628410412068978,4.23011441744125,0.171975111415903
"Y68",98,456,9.30612244897959,0.833219528849437,2.71778294918771,0.667063423361034,5.88677642112148,0.181138806392135
"Y91",97,945,19.4845360824742,0.806894741447196,2.32603506755868,0.433589765124157,12.0202169597371,0.0326879605928909
"Y92",96,1131,23.5625,0.816608151427263,2.27859851857623,0.368484107942628,12.2963174903396,0.113605160595157
"Y93",99,1163,23.4949494949495,0.782661535345351,2.01545628976435,0.318681338992687,11.243884140379,0.0303147108920954
"Y94",98,1028,20.9795918367347,0.782150225414533,2.44773602097691,0.408474674105588,10.5226597143274,0.0220451125681883
"Y95",90,936,20.8,0.80351893665062,2.35272696997511,0.377276576996128,10.3602660484426,0.0221584998588679
"Y96",102,1130,22.156862745098,0.800024544394674,2.30790407122441,0.377656433550004,11.9786853865815,0.119189457874535
"Y97",109,1003,18.4036697247706,0.782623406894996,1.98025477758575,0.33682104235648,11.3120847682735,0.0358487992181381
"Y98",92,1034,22.4782608695652,0.789247773366241,2.34249674194197,0.350473176973239,8.36812612584195,0.122899672276203
"Y121",136,1665,24.4852941176471,0.811474943592272,2.29701569476124,0.513449124800476,21.0492927365996,0.0226082093346714
"Y122",131,1555,23.7404580152672,0.798168520680966,2.23061008282129,0.478718995874732,12.674746121382,0.023682770405557
"Y123",146,1701,23.3013698630137,0.814874325720188,2.12483694209886,0.545684645854481,11.9061776594474,0.0361240741769728
"Y124",137,1784,26.043795620438,0.818588520894746,2.15836560673125,0.532935384785538,14.7070081182502,0.0294048661938869
"Y125",161,1745,21.6770186335404,0.805366513991136,2.26360694970759,0.537582285859722,13.8433899852017,0.0221234962345067
"Y126",130,1601,24.6307692307692,0.817100584460702,2.17669808658987,0.542055617175555,14.0351872442346,0.0284899180477065
"Y127",120,1508,25.1333333333333,0.804980616334845,2.13548725964098,0.513195978653195,14.6364762892933,0.0280055772012123
"Y128",127,1682,26.488188976378,0.807593123209169,2.119289661287,0.46771138345297,15.8057254076956,0.0270767230984825
"Y241",139,2364,34.0143884892086,0.833547833547834,2.1327022620552,0.448802593756889,20.5297478729517,0.0263808169436479
"Y242",139,2238,32.2014388489209,0.827670606421693,2.11575998432029,0.416316172600808,22.8040178130407,0.0245267093010998
"Y243",152,2389,31.4342105263158,0.831900192329219,2.13550275230467,0.4532244638071,23.2159661203437,0.0253672705896476
"Y244",161,2427,30.1490683229814,0.83247628380631,2.09914777520264,0.462583584040891,22.5914382206783,0.0256617109510559
"Y245",156,2408,30.8717948717949,0.834507897934386,2.10696212276398,0.459380018570435,19.4180045948654,0.0268794025163007
"Y246",149,2414,32.4026845637584,0.832895571053347,2.16894340969781,0.466149288635953,25.1649940059497,0.0286508055757406
"Y247",155,2329,30.0516129032258,0.828318361706137,2.11067047114247,0.439569978546307,20.7510497356444,0.0242276737417527
"Y248",144,2351,32.6527777777778,0.834159308447613,2.13389532061835,0.454287531790503,23.2133558792153,0.0281985562143787
